-- --------------------------------------------------------
-- Host:                         127.0.0.1
-- Server version:               10.4.11-MariaDB-1:10.4.11+maria~bionic - mariadb.org binary distribution
-- Server OS:                    debian-linux-gnu
-- HeidiSQL Version:             10.2.0.5599
-- --------------------------------------------------------

/*!40101 SET @OLD_CHARACTER_SET_CLIENT=@@CHARACTER_SET_CLIENT */;
/*!40101 SET NAMES utf8 */;
/*!50503 SET NAMES utf8mb4 */;
/*!40014 SET @OLD_FOREIGN_KEY_CHECKS=@@FOREIGN_KEY_CHECKS, FOREIGN_KEY_CHECKS=0 */;
/*!40101 SET @OLD_SQL_MODE=@@SQL_MODE, SQL_MODE='NO_AUTO_VALUE_ON_ZERO' */;


-- Dumping database structure for db_equipment
CREATE DATABASE IF NOT EXISTS `db_equipment` /*!40100 DEFAULT CHARACTER SET latin1 */;
USE `db_equipment`;

-- Dumping structure for table db_equipment.brand
CREATE TABLE IF NOT EXISTS `brand` (
  `id` int(3) NOT NULL,
  `brand_name` varchar(50) NOT NULL,
  PRIMARY KEY (`id`)
) ENGINE=InnoDB DEFAULT CHARSET=latin1;

-- Dumping data for table db_equipment.brand: ~9 rows (approximately)
/*!40000 ALTER TABLE `brand` DISABLE KEYS */;
REPLACE INTO `brand` (`id`, `brand_name`) VALUES
	(1, 'Orion Telecom'),
	(2, 'Keynote Sigos'),
	(3, 'Adnet'),
	(4, 'VSS Monitoring'),
	(5, 'APC'),
	(6, 'HP'),
	(7, 'Keynote Systems'),
	(8, 'Any Data'),
	(9, 'SIGOS Spare');
/*!40000 ALTER TABLE `brand` ENABLE KEYS */;

-- Dumping structure for table db_equipment.equipment
CREATE TABLE IF NOT EXISTS `equipment` (
  `id` int(6) NOT NULL,
  `brand_id` int(3) NOT NULL,
  `equip_name` varchar(255) NOT NULL,
  `picture` varchar(50) NOT NULL,
  PRIMARY KEY (`id`)
) ENGINE=InnoDB DEFAULT CHARSET=latin1;

-- Dumping data for table db_equipment.equipment: ~50 rows (approximately)
/*!40000 ALTER TABLE `equipment` DISABLE KEYS */;
REPLACE INTO `equipment` (`id`, `brand_id`, `equip_name`, `picture`) VALUES
	(1001, 1, 'Mux Groomer 64 Port Plus', 'equip1001.jpg'),
	(1002, 1, 'Converter ETH1', 'equip1002.jpg'),
	(1003, 1, 'Converter ETH4', 'equip1003.jpg'),
	(1004, 1, 'Converter ETH8', 'equip1004.jpg'),
	(1005, 1, 'Converter ETH16', 'equip1005.jpg'),
	(1006, 1, 'Automatic Protection Switech (APS)', 'equip1006.jpg'),
	(1007, 1, 'Digital Access Cross Connect System (DACS)', 'equip1007.jpg'),
	(1008, 1, 'SDH Multiplexer', 'equip1008.jpg'),
	(1009, 1, '4E1 Over Ethernet 10/100 Base-T', 'equip1009.jpg'),
	(1010, 1, '4E1 Over Ethernet Multiplexer (TDMolP)', 'equip1010.jpg'),
	(1011, 1, '8E1 Over Ethernet Multiplexer (TDMolP)', 'equip1011.jpg'),
	(1012, 1, '16E1 Over Ethernet Multiplexer (TDMolP)', 'equip1012.jpg'),
	(1013, 1, 'VCL-MX Version 5, 12 E1 Voice & Data Multiplexer', 'equip1013.jpg'),
	(1014, 1, 'STM Optical / Electrical Converter (1+1)', 'equip1014.jpg'),
	(1015, 1, 'VCL-16E1 + Ethernet PDH Optical Multiplexer', 'equip1015.JPG'),
	(2001, 2, 'Central Unit (CU)', 'equip2001.png'),
	(2002, 2, 'SIM Multiplexer (SIMMUX)', 'equip2002.png'),
	(2003, 2, 'Local Unit (LU)', 'equip2003.jpg'),
	(2004, 2, 'Compact Local Unit (CLU)', 'equip2004.png'),
	(2005, 2, 'Wireless Local Unit (WLU)', 'equip2005.png'),
	(2006, 2, 'Mobile Local Unit (MLU)', 'equip2006.jpg'),
	(2007, 2, 'SIM Board', 'equip2007.png'),
	(2008, 2, 'Central Unit Extension (CUX)', 'equip2008.jpg'),
	(2009, 2, 'SIM Server', 'equip2009.jpg'),
	(2010, 2, 'Mail Server', 'equip2010.jpg'),
	(2011, 2, 'Gb Local Unit (Gb-LU)', 'equip2011.jpg'),
	(2012, 2, 'SS7 Local Unit (SS7-LU)', 'equip2012.jpg'),
	(2013, 2, 'lu Local Unit (lu-LU)', 'equip2013.jpg'),
	(2014, 2, 'VPN Server', 'equip2014.jpg'),
	(2015, 2, 'Nomadic Probe', 'equip2015.jpg'),
	(2016, 2, 'Probe MC8790', 'equip2016.PNG'),
	(2017, 2, 'CDMA Probe', 'equip2017.jpg'),
	(2019, 2, 'Probe MC8704', 'equip2019.jpg'),
	(2020, 2, 'Probe MC 8775', 'equip2020.PNG'),
	(3001, 3, 'Converter AN - FE - ETH1', 'equip3001.jpg'),
	(4001, 4, 'VSS Traditional Taps V1.1 CC-F', 'equip4001.jpg'),
	(4002, 4, 'VSS 10G 2x4 Distributed Filter Tap', 'equip4002.JPG'),
	(4003, 4, '1x1 All Optical LX Tap - V 1.1 L.L-J', 'equip4003.jpg'),
	(4004, 4, '1x1 All Optical ZX Tap - V 1.1 Z.Z-O', 'equip4004.jpg'),
	(4005, 4, 'Distributed Tap - V 24', 'equip4005.png'),
	(4006, 4, '12x4 Distributed Tap V12.4 C.C-F-V3', 'equip4006.jpg'),
	(4007, 4, 'v 4.24 x.c-NF-AF V3', 'equip4007.jpg'),
	(5001, 5, 'Smart UPS', 'equip5001.jpg'),
	(6001, 6, 'Switch 2124', 'equip6001.jpg'),
	(6002, 6, 'HP Proliant Server DL360R06', 'equip6002.jpg'),
	(7001, 7, 'MDP Box', 'no-image.png'),
	(8001, 8, 'CDMA', 'no-image.png'),
	(9001, 9, 'Stock Harddisk CLU', 'equip9001.jpg'),
	(9002, 9, 'Stock Power Supply CLU', 'equip9002.jpg'),
	(9003, 9, 'RAM Server', 'equip9003.JPG');
/*!40000 ALTER TABLE `equipment` ENABLE KEYS */;

-- Dumping structure for table db_equipment.equipment_detail
CREATE TABLE IF NOT EXISTS `equipment_detail` (
  `id` int(6) NOT NULL,
  `equipment_id` int(6) NOT NULL,
  `sn_asal` varchar(20) NOT NULL,
  `code` varchar(50) NOT NULL,
  `date_in` varchar(20) NOT NULL,
  `date_out` varchar(20) NOT NULL,
  `status` varchar(50) NOT NULL,
  `remarks` text NOT NULL,
  `location` varchar(255) NOT NULL,
  `power` varchar(20) NOT NULL,
  `do_number` varchar(50) NOT NULL,
  `rf_number` varchar(100) NOT NULL,
  PRIMARY KEY (`id`)
) ENGINE=InnoDB DEFAULT CHARSET=latin1;

-- Dumping data for table db_equipment.equipment_detail: ~860 rows (approximately)
/*!40000 ALTER TABLE `equipment_detail` DISABLE KEYS */;
REPLACE INTO `equipment_detail` (`id`, `equipment_id`, `sn_asal`, `code`, `date_in`, `date_out`, `status`, `remarks`, `location`, `power`, `do_number`, `rf_number`) VALUES
	(1, 1001, '6631', 'AST-MUX020612060001', '06-12-2006', '00-00-0000', '3', '-', 'Grha XL', '2', 'NULL', ''),
	(2, 1001, '6632', 'AST-MUX020612060002', '06-12-2006', 'NULL', '3', '-', 'Grha XL', '2', 'NULL', ''),
	(3, 1001, '6633', 'AST-MUX020612060003', '06-12-2006', 'NULL', '3', '-', 'Grha XL', '2', 'NULL', ''),
	(4, 1001, '6634', 'AST-MUX020612060004', '06-12-2006', 'NULL', '2', '-', 'PT Arga Solusi Technologies', '2', 'NULL', ''),
	(5, 1001, '6635', 'AST-MUX020612060005', '06-12-2006', 'NULL', '3', '-', 'Grha XL', '2', 'NULL', ''),
	(6, 1001, '6636', 'AST-MUX020612060006', '06-12-2006', 'NULL', '3', '-', 'Grha XL', '2', 'NULL', ''),
	(7, 1001, '6637', 'AST-MUX020612060007', '06-12-2006', 'NULL', '3', '-', 'Grha XL', '2', 'NULL', ''),
	(8, 1001, '6638', 'AST-MUX020612060008', '06-12-2006', 'NULL', '3', '-', 'Grha XL', '2', 'NULL', ''),
	(9, 1001, '6639', 'AST-MUX020612060009', '06-12-2006', 'NULL', '3', '-', 'Grha XL', '2', 'NULL', ''),
	(10, 1001, '6640', 'AST-MUX020612060010', '06-12-2006', 'NULL', '3', '-', 'Grha XL', '2', 'NULL', ''),
	(11, 1001, '6406', 'AST-MUX020612060011', '06-12-2006', 'NULL', '3', '-', 'Grha XL', '2', 'NULL', ''),
	(12, 1001, '7026', 'AST-MUX020612060012', '06-12-2006', 'NULL', '3', '-', 'Grha XL', '2', 'NULL', ''),
	(13, 1002, '8215a', 'AST-ETH01011908080001', '19-08-2008', 'NULL', '3', '-', '?', '2', 'NULL', ''),
	(14, 1002, '8216a', 'AST-ETH01011908080002', '19-08-2008', 'NULL', '3', '-', '?', '2', 'NULL', ''),
	(15, 1002, '8217a', 'AST-ETH01011908080003', '19-08-2008', 'NULL', '3', '-', 'PT Sampoerna Telecom', '2', 'NULL', ''),
	(16, 1001, '6641', 'AST-MUX02-0013', 'NULL', 'NULL', '3', '-', 'PT XL Axiata Yogyakarta', '2', '018/AST-DO/IX/2007', ''),
	(17, 1001, '6642', 'AST-MUX02-0014', 'NULL', 'NULL', '3', '-', 'PT XL Axiata Yogyakarta', '2', '018/AST-DO/IX/2007', ''),
	(18, 1001, '6643', 'AST-MUX02-0015', 'NULL', 'NULL', '3', '-', 'PT XL Axiata Bandung', '2', '019/AST-DO/IX/2007', ''),
	(19, 1001, '6644', 'AST-MUX02-0016', 'NULL', 'NULL', '3', '-', 'PT XL Axiata Bandung', '2', '019/AST-DO/IX/2007', ''),
	(20, 1001, '6645', 'AST-MUX02-0017', 'NULL', 'NULL', '3', '-', 'PT XL Axiata Bandung', '2', '020/AST-DO/IX/2007', ''),
	(21, 1001, '6646', 'AST-MUX02-0018', 'NULL', 'NULL', '3', '-', 'PT XL Axiata Bandung', '2', '020/AST-DO/IX/2007', ''),
	(22, 1001, 'MC-64E1-8147', 'AST-MUX01-0019', 'NULL', 'NULL', '3', '-', 'PT Telemedia', '2', '001A/AST-DO/III/2008', ''),
	(23, 1001, 'MC-64E1-8148', 'AST-MUX01-0020', 'NULL', 'NULL', '3', '-', 'PT Telemedia', '2', '001B/AST-DO/III/2008', ''),
	(24, 1001, 'MC-64E1-8149', 'AST-MUX01-0021', 'NULL', 'NULL', '3', '-', 'PT Telemedia', '2', '001C/AST-DO/III/2008', ''),
	(25, 1001, '8269', 'AST-MUX010808080022', '08-08-2008', 'NULL', '3', '-', 'PT Telemedia', '2', 'NULL', ''),
	(26, 1001, '8519', 'AST-MUX010808080023', '08-08-2008', 'NULL', '3', '-', 'PT Telemedia', '2', 'NULL', ''),
	(27, 1001, '8520', 'AST-MUX010808080024', '08-08-2008', 'NULL', '3', '-', 'PT Telemedia', '2', 'NULL', ''),
	(28, 1001, '8219a', 'AST-MUX021908080025', '19-08-2008', 'NULL', '3', '-', 'PT XL Axiata Surabaya', '2', 'NULL', ''),
	(29, 1001, '8220a', 'AST-MUX021908080026', '19-08-2008', 'NULL', '3', '-', 'PT XL Axiata Surabaya', '2', 'NULL', ''),
	(30, 1001, '8221a', 'AST-MUX021908080027', '19-08-2008', 'NULL', '3', '-', 'PT XL Axiata Bali', '2', 'NULL', ''),
	(31, 1001, '8222a', 'AST-MUX021908080028', '19-08-2008', 'NULL', '3', '-', 'PT XL Axiata Bali', '2', 'NULL', ''),
	(32, 1001, '8223a', 'AST-MUX021908080029', '19-08-2008', 'NULL', '3', '-', 'PT XL Axiata Surabaya', '2', 'NULL', ''),
	(33, 1001, '8224a', 'AST-MUX021908080030', '19-08-2008', 'NULL', '3', '-', 'PT XL Axiata Bali', '2', 'NULL', ''),
	(34, 1001, '8521', 'AST-MUX020411080031', '04-11-2008', 'NULL', '1', '-', 'PT Arga Solusi Technologies', '2', 'NULL', ''),
	(35, 1001, '8702a', 'AST-MUX020411080032', '04-11-2008', 'NULL', '3', '-', 'PT Telemedia', '2', 'NULL', ''),
	(36, 1001, '8704a', 'AST-MUX020411080033', '04-11-2008', 'NULL', '3', '-', 'PT Telemedia', '2', 'NULL', ''),
	(37, 1001, '8700a', 'AST-MUX020411080034', '04-11-2008', 'NULL', '3', '-', 'PT Telemedia', '2', 'NULL', ''),
	(38, 1001, '8613a', 'AST-MUX020411080035', '04-11-2008', 'NULL', '3', '-', 'PT Telemedia', '2', 'NULL', ''),
	(39, 1001, '8612a', 'AST-MUX020411080036', '04-11-2008', 'NULL', '3', '-', 'PT Telemedia', '2', 'NULL', ''),
	(40, 1001, '8701a', 'AST-MUX020411080037', '04-11-2008', 'NULL', '3', '-', 'PT Telemedia', '2', 'NULL', ''),
	(41, 1001, '8703a', 'AST-MUX020411080038', '04-11-2008', 'NULL', '3', '-', 'PT Telemedia', '2', 'NULL', ''),
	(42, 1001, '8705a', 'AST-MUX020411080039', '04-11-2008', 'NULL', '3', '-', 'PT Telemedia', '2', 'NULL', ''),
	(43, 1001, '8614A', 'AST-MUX020411080040', '04-11-2008', 'NULL', '3', '-', 'PT Telemedia', '2', 'NULL', ''),
	(44, 1001, '8706A', 'AST-MUX020411080041', '04-11-2008', 'NULL', '3', '-', 'PT Telemedia', '2', 'NULL', ''),
	(45, 1001, '8708A', 'AST-MUX011711080042', '17-11-2008', 'NULL', '3', '-', 'PT Telemedia', '2', 'NULL', ''),
	(46, 1001, '8714A', 'AST-MUX011711080043', '17-11-2008', 'NULL', '3', '-', 'PT Telemedia', '2', 'NULL', ''),
	(47, 1001, '8718A', 'AST-MUX011711080044', '17-11-2008', 'NULL', '3', '-', 'PT Telemedia', '2', 'NULL', ''),
	(48, 1001, '8715A', 'AST-MUX011711080045', '17-11-2008', 'NULL', '3', '-', 'PT Telemedia', '2', 'NULL', ''),
	(49, 1001, '8717A', 'AST-MUX011711080046', '17-11-2008', 'NULL', '3', '-', 'PT Telemedia', '2', 'NULL', ''),
	(50, 1001, '8711A', 'AST-MUX011711080047', '17-11-2008', 'NULL', '3', '-', 'PT Telemedia', '2', 'NULL', ''),
	(51, 1001, '8710A', 'AST-MUX011711080048', '17-11-2008', 'NULL', '3', '-', 'PT Telemedia', '2', 'NULL', ''),
	(52, 1001, '8709A', 'AST-MUX011711080049', '17-11-2008', 'NULL', '3', '-', 'PT Telemedia', '2', 'NULL', ''),
	(53, 1001, '8707A', 'AST-MUX011711080050', '17-11-2008', 'NULL', '3', '-', 'PT Telemedia', '2', 'NULL', ''),
	(54, 1001, '8713A', 'AST-MUX011711080051', '17-11-2008', 'NULL', '3', '-', 'PT Telemedia', '2', 'NULL', ''),
	(55, 1001, '8716A', 'AST-MUX011711080052', '17-11-2008', 'NULL', '1', '-', 'PT Arga Solusi Technologies', '2', 'NULL', ''),
	(56, 1001, '8712A', 'AST-MUX011711080053', '17-11-2008', 'NULL', '1', '-', 'PT Arga Solusi Technologies', '2', 'NULL', ''),
	(57, 1002, '8218a', 'AST-ETH01011908080004', '19-08-2008', 'NULL', '3', '-', 'PT Sampoerna Telecom', '2', 'NULL', ''),
	(58, 1002, '8219a', 'AST-ETH01021908080005', '19-08-2008', 'NULL', '3', '-', 'PT Telekomunikasi Selular', '2', 'NULL', ''),
	(59, 1002, '8220a', 'AST-ETH01021908080006', '19-08-2008', 'NULL', '3', '-', 'PT Telekomunikasi Selular', '2', 'NULL', ''),
	(60, 1002, '8221a', 'AST-ETH01021908080007', '19-08-2008', 'NULL', '3', '-', 'PT Telekomunikasi Selular', '2', 'NULL', ''),
	(61, 1002, '8222a', 'AST-ETH01021908080008', '19-08-2008', 'NULL', '3', '-', 'PT Telekomunikasi Selular', '2', 'NULL', ''),
	(62, 1002, '8223a', 'AST-ETH01021908080009', '19-08-2008', 'NULL', '3', '-', 'PT Telekomunikasi Selular', '2', 'NULL', ''),
	(63, 1002, '8224a', 'AST-ETH01021908080010', '19-08-2008', 'NULL', '3', '-', 'PT Telekomunikasi Selular', '2', 'NULL', ''),
	(64, 1002, '8225a', 'AST-ETH01022701090011', '27-01-2009', 'NULL', '3', '-', 'PT Telekomunikasi Selular', '2', 'NULL', ''),
	(65, 1002, '8226a', 'AST-ETH01022701090012', '27-01-2009', 'NULL', '3', '-', 'PT Telekomunikasi Selular', '2', 'NULL', ''),
	(66, 1002, '8227a', 'AST-ETH01011908080013', '19-08-2008', 'NULL', '3', '-', 'PT Alcatel Lucent', '2', 'NULL', ''),
	(67, 1002, '8228a', 'AST-ETH01011908080014', '19-08-2008', 'NULL', '3', '-', 'PT Alcatel Lucent', '2', 'NULL', ''),
	(68, 1002, '8229a', 'AST-ETH01011908080015', '19-08-2008', 'NULL', '3', '-', '?', '2', 'NULL', ''),
	(69, 1002, '8230a', 'AST-ETH01011908080016', '19-08-2008', 'NULL', '3', '-', '?', '2', 'NULL', ''),
	(70, 1002, '8231a', 'AST-ETH01011908080017', '19-08-2008', 'NULL', '3', '-', '?', '2', 'NULL', ''),
	(71, 1002, '8232a', 'AST-ETH01011908080018', '19-08-2008', 'NULL', '3', '-', '?', '2', 'NULL', ''),
	(72, 1002, '8233a', 'AST-ETH01011908080019', '19-08-2008', 'NULL', '3', '-', '?', '2', 'NULL', ''),
	(73, 1002, '8234a', 'AST-ETH01011908080020', '19-08-2008', 'NULL', '3', '-', '?', '2', 'NULL', ''),
	(74, 1002, '8235a', 'AST-ETH01011908080021', '19-08-2008', 'NULL', '3', '-', '?', '2', 'NULL', ''),
	(75, 1002, '8236a', 'AST-ETH01011908080022', '19-08-2008', 'NULL', '3', '-', '?', '2', 'NULL', ''),
	(76, 1002, '8237a', 'AST-ETH01012701090023', '27-01-2009', 'NULL', '3', '-', 'PT Sampoerna Telecom', '2', 'NULL', ''),
	(77, 1002, '8238a', 'AST-ETH01012701090024', '27-01-2009', 'NULL', '3', '-', 'PT Sampoerna Telecom', '2', 'NULL', ''),
	(78, 1002, '8239a', 'AST-ETH01012701090025', '27-01-2009', 'NULL', '3', '-', '?', '2', 'NULL', ''),
	(79, 1002, '8240a', 'AST-ETH01012701090026', '27-01-2009', 'NULL', '3', '-', '?', '2', 'NULL', ''),
	(80, 1002, '8241a', 'AST-ETH01010805090027', '08-05-2009', 'NULL', '3', '-', 'PT Alcatel Lucent', '2', 'NULL', ''),
	(81, 1002, '8242a', 'AST-ETH01010805090028', '08-05-2009', 'NULL', '3', '-', 'PT Alcatel Lucent', '2', 'NULL', ''),
	(82, 1002, '8243a', 'AST-ETH01010805090029', '08-05-2009', 'NULL', '3', '-', '?', '2', 'NULL', ''),
	(83, 1002, '8244a', 'AST-ETH01010805090030', '08-05-2009', 'NULL', '3', '-', '?', '2', 'NULL', ''),
	(84, 1002, '8245a', 'AST-ETH01010805090031', '08-05-2009', 'NULL', '3', '-', 'PT Alcatel Lucent', '2', 'NULL', ''),
	(85, 1002, '8246a', 'AST-ETH01010805090032', '08-05-2009', 'NULL', '3', '-', 'PT Alcatel Lucent', '2', 'NULL', ''),
	(86, 1002, '9660', 'AST-ETH01012701100033', '27-01-2010', 'NULL', '3', '-', 'PT Khrista Dasetra', '1', 'NULL', ''),
	(87, 1002, '9662', 'AST-ETH01012701100034', '27-01-2010', 'NULL', '3', '-', 'PT Khrista Dasetra', '1', 'NULL', ''),
	(88, 1002, '9673', 'AST-ETH01012701100035', '27-01-2010', 'NULL', '3', '-', 'PT Khrista Dasetra', '1', 'NULL', ''),
	(89, 1002, '9664', 'AST-ETH01012701100036', '27-01-2010', 'NULL', '3', '-', 'PT Khrista Dasetra', '1', 'NULL', ''),
	(90, 1002, '9668', 'AST-ETH01012701100037', '27-01-2010', 'NULL', '3', '-', 'PT Khrista Dasetra', '1', 'NULL', ''),
	(91, 1002, '9672', 'AST-ETH01012701100038', '27-01-2010', 'NULL', '3', '-', 'PT Khrista Dasetra', '1', 'NULL', ''),
	(92, 1002, '9083', 'AST-ETH01011902100039', '19-02-2010', 'NULL', '3', '-', 'PT Prastiwahyu', '2', 'NULL', ''),
	(93, 1002, '9084', 'AST-ETH01011902100040', '19-02-2010', 'NULL', '3', '-', 'PT Prastiwahyu', '2', 'NULL', ''),
	(94, 1002, '9065', 'AST-ETH01012701100041', '27-01-2010', 'NULL', '3', '-', 'PT Alcatel Lucent', '2', 'NULL', ''),
	(95, 1002, '9066', 'AST-ETH01012701100042', '27-01-2010', 'NULL', '3', '-', 'PT Alcatel Lucent', '2', 'NULL', ''),
	(96, 1002, '9085', 'AST-ETH01012701100043', '27-01-2010', 'NULL', '1', '-', 'PT Arga Solusi Technologies', '2', 'NULL', ''),
	(97, 1002, '9086', 'AST-ETH01012701100044', '27-01-2010', 'NULL', '1', '-', 'PT Arga Solusi Technologies', '2', 'NULL', ''),
	(98, 1002, '9087', 'AST-ETH01012701100045', '27-01-2010', 'NULL', '1', '-', 'PT Arga Solusi Technologies', '2', 'NULL', ''),
	(99, 1002, '9088', 'AST-ETH01012701100046', '27-01-2010', 'NULL', '3', '-', 'PT Sampoerna Telecom', '2', '011/DO-AST/I/2011', ''),
	(100, 1002, '9090', 'AST-ETH01012701100047', '27-01-2010', 'NULL', '3', '-', 'PT Sampoerna Telecom', '2', '011/DO-AST/I/2011', ''),
	(101, 1002, '9091', 'AST-ETH01012701100048', '27-01-2010', 'NULL', '1', '-', 'PT Arga Solusi Technologies', '1', 'NULL', ''),
	(102, 1002, '9092', 'AST-ETH01012701100049', '27-01-2010', 'NULL', '1', '-', 'PT Arga Solusi Technologies', '1', 'NULL', ''),
	(103, 1002, '9095', 'AST-ETH01012701100050', '27-01-2010', 'NULL', '3', '-', 'PT Sampoerna Telecom', '1', 'NULL', ''),
	(104, 1002, '9096', 'AST-ETH01012701100051', '27-01-2010', 'NULL', '3', '-', 'PT Sampoerna Telecom', '1', 'NULL', ''),
	(105, 1002, '9098', 'AST-ETH01012701100052', '27-01-2010', 'NULL', '1', '-', 'PT Arga Solusi Technologies', '2', 'NULL', ''),
	(106, 1002, '9669', 'AST-ETH01012701100053', '27-01-2010', 'NULL', '3', '-', 'PT Sampoerna Telecom', '1', '225/DO-AST/VII/2010', ''),
	(107, 1002, '9671', 'AST-ETH01012701100054', '27-01-2010', 'NULL', '3', '-', 'PT Sampoerna Telecom', '1', '225/DO-AST/VII/2010', ''),
	(108, 1002, '9674', 'AST-ETH01012701100055', '27-01-2010', 'NULL', '1', '-', 'PT Arga Solusi Technologies', '2', 'NULL', ''),
	(109, 1002, '9675', 'AST-ETH01012701100056', '27-01-2010', 'NULL', '1', '-', 'PT Arga Solusi Technologies', '2', 'NULL', ''),
	(110, 1002, '9676', 'AST-ETH01012701100057', '27-01-2010', 'NULL', '1', '-', 'PT Arga Solusi Technologies', '2', 'NULL', ''),
	(111, 1002, '9677', 'AST-ETH01012701100058', '27-01-2010', 'NULL', '1', '-', 'PT Arga Solusi Technologies', '2', 'NULL', ''),
	(112, 1004, '7249', 'AST-ETH08012312080001', '23-12-2008', 'NULL', '3', '-', 'PT Elmagatech', '2', 'NULL', ''),
	(113, 1004, '7250', 'AST-ETH08012312080002', '23-12-2008', 'NULL', '3', '-', 'PT Elmagatech', '2', 'NULL', ''),
	(114, 1004, '9688', 'AST-ETH08012312080003', '23-12-2008', 'NULL', '1', '-', 'PT Arga Solusi Technologies', '2', 'NULL', ''),
	(115, 1004, '9689', 'AST-ETH08012312080004', '23-12-2008', 'NULL', '1', '-', 'PT Arga Solusi Technologies', '2', 'NULL', ''),
	(116, 1004, '9690', 'AST-ETH08012312080005', '23-12-2008', 'NULL', '1', '-', 'PT Arga Solusi Technologies', '2', 'NULL', ''),
	(117, 1004, '9691', 'AST-ETH08012312080006', '23-12-2008', '11-01-2013', '3', '-', 'PT Indo Pratama Teleglobal', '2', '021/DO-AST/I/2013', '-'),
	(118, 1004, '9692', 'AST-ETH08012312080007', '23-12-2008', 'NULL', '1', '-', 'PT Arga Solusi Technologies', '2', 'NULL', ''),
	(119, 1004, '9693', 'AST-ETH08012312080008', '23-12-2008', 'NULL', '1', 'No cable, IP Unknown', 'PT Arga Solusi Technologies', '2', 'NULL', ''),
	(120, 1004, '9694', 'AST-ETH08012312080009', '23-12-2008', '11-01-2013', '3', '-', 'PT INDO PRATAMA TELEGLOBAL', '1', '021/DO-AST/I/2013', '-'),
	(121, 1004, '9695', 'AST-ETH08012312080010', '23-12-2008', '11-01-2013', '3', '-', 'PT INDO PRATAMA TELEGLOBAL', '1', '021/DO-AST/I/2013', '-'),
	(122, 1004, '9696', 'AST-ETH08012312080011', '23-12-2008', 'NULL', '1', '-', 'PT Arga Solusi Technologies', '2', 'NULL', ''),
	(123, 1004, '9697', 'AST-ETH08012312080012', '23-12-2008', 'NULL', '1', '-', 'PT Arga Solusi Technologies', '2', 'NULL', ''),
	(124, 1004, '9101', 'AST-ETH08012312080013', '23-12-2008', '11-01-2013', '3', '11 Januari 2013', 'PT INDO PRATAMA TELEGLOBAL', '1', '021/DO-AST/I/2013', ''),
	(125, 1004, '9102', 'AST-ETH08012312080014', '23-12-2008', 'NULL', '1', '-', 'PT Arga Solusi Technologies', '1', 'NULL', ''),
	(126, 1004, '9103', 'AST-ETH08012312080015', '23-12-2008', 'NULL', '3', '-', 'Ibu Sudiasih Cirebon', '1', '047/SJ-AST/I/2013', ''),
	(127, 1004, '9104', 'AST-ETH08012312080016', '23-12-2008', '29-01-2013', '3', '-', 'Ibu Sudiasih Cirebon', '1', '047/SJ-AST/I/2013', '-'),
	(128, 1004, '8525', 'AST-ETH08012312080017', '23-12-2008', 'NULL', '1', '-', 'PT Arga Solusi Technologies', '1', 'NULL', ''),
	(129, 1004, '13-226', 'AST-ETH08011810130018', '18-10-2013', 'NULL', '1', '-', 'PT Arga Solusi Technologies', '1', 'NULL', ''),
	(130, 1004, '13-225', 'AST-ETH08011810130019', '18-10-2013', 'NULL', '1', '-', 'PT Arga Solusi Technologies', '1', 'NULL', ''),
	(131, 1004, '13-1227', '--0020', 'NULL', 'NULL', '1', 'Lengkap', 'PT Arga Solusi Technologies', '1', 'NULL', ''),
	(132, 1004, '13-1228', '--0021', 'NULL', 'NULL', '1', 'Lengkap', 'PT Arga Solusi Technologies', '1', 'NULL', ''),
	(133, 1005, '0001', 'AST-ETH16021908080001', '19-08-2008', 'NULL', '3', '-', '?', '1', 'NULL', ''),
	(134, 1005, '0002', 'AST-ETH16021908080002', '19-08-2008', 'NULL', '3', '-', '?', '1', 'NULL', ''),
	(135, 1005, '0003', 'AST-ETH16021908080003', '19-08-2008', 'NULL', '3', '-', '?', '1', 'NULL', ''),
	(136, 1005, '0004', 'AST-ETH16021908080004', '19-08-2008', 'NULL', '3', '-', '?', '1', 'NULL', ''),
	(137, 1005, '0005', 'AST-ETH16021908080005', '19-08-2008', 'NULL', '3', '-', '?', '1', 'NULL', ''),
	(138, 1005, '0006', 'AST-ETH16021908080006', '19-08-2008', 'NULL', '3', '-', '?', '1', 'NULL', ''),
	(139, 1005, '0007', 'AST-ETH16021908080007', '19-08-2008', 'NULL', '3', '-', '?', '1', 'NULL', ''),
	(140, 1005, '0008', 'AST-ETH16021908080008', '19-08-2008', 'NULL', '3', '-', '?', '1', 'NULL', ''),
	(141, 1005, '0009', 'AST-ETH16021908080009', '19-08-2008', 'NULL', '3', '-', '?', '1', 'NULL', ''),
	(142, 1005, '0010', 'AST-ETH16021908080010', '19-08-2008', 'NULL', '3', '-', '?', '1', 'NULL', ''),
	(143, 1005, '0011', 'AST-ETH16021908080011', '19-08-2008', 'NULL', '3', '-', '?', '1', 'NULL', ''),
	(144, 1005, '0012', 'AST-ETH16021908080012', '19-08-2008', 'NULL', '3', '-', '?', '1', 'NULL', ''),
	(145, 1005, '0013', 'AST-ETH16021908080013', '19-08-2008', 'NULL', '3', '-', '?', '1', 'NULL', ''),
	(146, 1005, '0014', 'AST-ETH16021908080014', '19-08-2008', 'NULL', '3', '-', '?', '1', 'NULL', ''),
	(147, 1005, '0015', 'AST-ETH16021908080015', '19-08-2008', 'NULL', '3', '-', '?', '1', 'NULL', ''),
	(148, 1005, '0016', 'AST-ETH16021908080016', '19-08-2008', 'NULL', '3', '-', '?', '1', 'NULL', ''),
	(149, 1005, '9-1598', 'AST-ETH16020411090017', '04-11-2009', 'NULL', '3', '-', 'PT XL Axiata, Cyber', '3', 'NULL', ''),
	(150, 1005, '9-1594', 'AST-ETH16020411090018', '04-11-2009', 'NULL', '3', '-', 'PT XL Axiata, Bsd', '3', 'NULL', ''),
	(151, 1005, '9-1597', 'AST-ETH16020411090019', '04-11-2009', 'NULL', '1', '-', 'PT Arga Solusi Technologies', '3', 'NULL', ''),
	(152, 1005, '9-1599', 'AST-ETH16020411090020', '04-11-2009', 'NULL', '3', '-', 'PT XL Axiata, Cyber', '3', 'NULL', ''),
	(153, 1005, '9-1592', 'AST-ETH16020411090021', '04-11-2009', '27-07-2014', '1', 'Lengkap', 'PT. Sampoerna Telekomunikasi Indonesia', '3', '158/DO-AST/VI/2014', '-'),
	(154, 1005, '9-1596', 'AST-ETH16020411090022', '04-11-2009', 'NULL', '3', '-', 'PT XL Axiata, Pertamina', '3', 'NULL', ''),
	(155, 1005, '9-1593', 'AST-ETH16020411090023', '04-11-2009', 'NULL', '1', '-', 'PT Arga Solusi Technologies', '3', 'NULL', ''),
	(156, 1005, '9-1595', 'AST-ETH16020411090024', '04-11-2009', '27-06-2014', '3', '27 Juni 2014', 'Sampoerna Telkom Indonesia', '3', '158/DO-AST/VI/2014', ''),
	(157, 1005, '9-1600', 'AST-ETH16020411090025', '04-11-2009', '28-10-2011', '3', '-', 'Sampoerna Telkom Indonesia', '3', '307/DO-AST/X/2011', '-'),
	(158, 1005, '9-1601', 'AST-ETH16020411090026', '04-11-2009', '28-10-2011', '3', '-', 'Sampoerna Telkom Indonesia', '3', '307/DO-AST/X/2011', '-'),
	(159, 1005, '9-1602', 'AST-ETH16020411090027', '04-11-2009', '11-01-2013', '3', '11 Januari 2013', 'PT INDO PRATAMA TELEGLOBAL', '1', '021/DO-AST/I/2013', ''),
	(160, 1005, '9-1603', 'AST-ETH16020411090028', '04-11-2009', '11-01-2013', '3', '11 Januari 2013', 'PT INDO PRATAMA TELEGLOBAL', '1', '021/DO-AST/I/2013', ''),
	(161, 1005, '7088', 'AST-ETH16020411090029', '04-11-2009', 'NULL', '1', 'No Cable, No Box', 'PT Arga Solusi Technologies', '1', 'NULL', ''),
	(162, 1005, '7087', 'AST-ETH16020411090030', '04-11-2009', 'NULL', '1', 'No Cable, No Box', 'PT Arga Solusi Technologies', '1', 'NULL', ''),
	(163, 1005, '9699', 'AST-ETH16020411090031', '04-11-2009', 'NULL', '1', 'No Cable, No Box', 'PT Arga Solusi Technologies', '2', 'NULL', ''),
	(164, 1005, '9106', 'AST-ETH16020411090032', '04-11-2009', 'NULL', '5', 'Power supply tidak stabil, need checking, no cable', 'PT Arga Solusi Technologies', '1', 'NULL', ''),
	(165, 1005, '7099', 'AST-ETH16020411090033', '04-11-2009', 'NULL', '1', 'No Cable, No Box', 'PT Arga Solusi Technologies', '3', 'NULL', ''),
	(166, 1005, '9108', 'AST-ETH16020411090034', '04-11-2009', 'NULL', '1', 'No Cable, No Box', 'PT Arga Solusi Technologies', '2', 'NULL', ''),
	(167, 1005, '9698', 'AST-ETH16020411090035', '04-11-2009', 'NULL', '1', 'No Cable, No Box', 'PT Arga Solusi Technologies', '2', 'NULL', ''),
	(168, 1005, '12-2095', 'AST-ETH16021810130036', '18-10-2013', 'NULL', '1', '-', 'PT Arga Solusi Technologies', '1', 'NULL', ''),
	(169, 1005, '12-2096', 'AST-ETH16021810130037', '18-10-2013', 'NULL', '1', '-', 'PT Arga Solusi Technologies', '1', 'NULL', ''),
	(170, 1005, '12-2097', 'AST-ETH16021810130038', '18-10-2013', 'NULL', '1', '-', 'PT Arga Solusi Technologies', '1', 'NULL', ''),
	(171, 1005, '12-2098', 'AST-ETH16021810130039', '18-10-2013', 'NULL', '1', 'Lengkap', 'PT Arga Solusi Technologies', '1', 'NULL', ''),
	(172, 1005, '7106', '--0040', 'NULL', 'NULL', '1', 'No Cable, No Box', 'PT Arga Solusi Technologies', '3', 'NULL', ''),
	(173, 1006, '0001', 'AST-APS08020311090001', '03-11-2009', 'NULL', '3', '-', 'Indosat Pontianak', '2', 'NULL', ''),
	(174, 1006, '0002', 'AST-APS08020311090002', '03-11-2009', 'NULL', '3', '-', 'Indosat Pontianak', '2', 'NULL', ''),
	(175, 1006, '11-2084', 'AST-APS24012208110003', '22-08-2011', 'NULL', '3', '-', 'PT Trijaya Mandiri', '2', '232/DO-AST/VIII/2011', ''),
	(176, 1006, '11-2085', 'AST-APS24012208110004', '22-08-2011', 'NULL', '3', '-', 'PT Trijaya Mandiri', '2', '232/DO-AST/VIII/2011', ''),
	(177, 1007, '0001', 'AST-DACS16020311090001', '03-11-2009', 'NULL', '3', '-', 'Indosat Pontianak', '2', 'NULL', ''),
	(178, 1007, '0002', 'AST-DACS16020311090002', '03-11-2009', 'NULL', '3', '-', 'Indosat Pontianak', '2', 'NULL', ''),
	(179, 1009, '8338A', 'AST-4E1010805090001', '08-05-2009', 'NULL', '3', 'dipinjamkan ke Sampoerna telekom', 'grha mobisel', '1', 'NULL', ''),
	(180, 1009, '8339A', 'AST-4E1010805090002', '08-05-2009', 'NULL', '3', 'dipinjamkan ke Sampoerna telekom', 'grha mobisel', '1', 'NULL', ''),
	(181, 1010, '8028', 'AST-TDMolP0805090001', '08-05-2009', 'NULL', '1', '-', 'PT Arga Solusi Technologies', '3', 'NULL', ''),
	(182, 1010, '8029', 'AST-TDMolP0805090002', '08-05-2009', 'NULL', '1', '-', 'PT Arga Solusi Technologies', '3', 'NULL', ''),
	(183, 1011, '101790', 'AST-TDMolP080906110001', '09-06-2011', 'NULL', '1', 'dipinjamkan ke Sampoerna telekom', 'grha mobisel', '2', 'NULL', ''),
	(184, 1012, '101791', 'AST-TDMolP160906110001', '09-06-2011', 'NULL', '1', 'dipinjamkan ke Sampoerna telekom', 'grha mobisel', '1', 'NULL', ''),
	(185, 1013, '11-1722', 'AST-VCLMX011306110001', '13-06-2011', '06-06-2011', '3', '1-control card, 1-19" shelf rack, 1-management card, 2-DC power card, 1-FXS card, 1-FXO card, 7-E&M card, 1-ring generator card, 2-data interface card, 2-DC power cable, 2-DB25 cable, 1-eth cross cable, 1-OAM USB cable, 1-FXS/FXO cable, 16-E&M cable, 2-RS', 'Mobilkom', '2', '135/DO-AST/VI/2011', '-'),
	(186, 1013, '11-1723', 'AST-VCLMX011306110002', '13-06-2011', '06-06-2011', '3', '1-control card, 1-19" shelf rack, 1-management card, 2-DC power card, 1-FXS card, 1-FXO card, 7-E&M card, 1-ring generator card, 2-data interface card, 2-DC power cable, 2-DB25 cable, 1-eth cross cable, 1-OAM USB cable, 1-FXS/FXO cable, 16-E&M cable, 2-RS', 'Mobilkom', '2', '135/DO-AST/VI/2011', '-'),
	(187, 1013, '11-1724', 'AST-VCLMX011306110003', '13-06-2011', '06-06-2011', '3', '1-control card, 1-19" shelf rack, 1-management card, 2-DC power card, 1-FXS card, 1-FXO card, 7-E&M card, 1-ring generator card, 2-data interface card, 2-DC power cable, 2-DB25 cable, 1-eth cross cable, 1-OAM USB cable, 1-FXS', 'Mobilkom', '2', '135/DO-AST/VI/2011', '-'),
	(188, 1013, '11-1725', 'AST-VCLMX011306110004', '13-06-2011', '06-06-2011', '3', '1-control card, 1-19" shelf rack, 1-management card, 2-DC power card, 4-FXO card, 2-E&M card, 2-DC power cable, 1-FXS/FXO cable, 4-RS232 cable, 1-LMS cable, 2-terminal connector, 1-mounting hw set, 1-system user manual and disk', 'Mobilkom', '2', '135/DO-AST/VI/2011', '-'),
	(189, 1013, '11-1985', 'AST-VCLMX010108110005', '01-08-2011', 'NULL', '3', '1-Board PSU, 1-Board Ringer, 1-Board E&M, 1-Board FXO, 1-Board FXS, 1-Board RS232, 1-Board OAM, 1-Board CC, 2-E1 Paralel, 3-Eth Cross, 2-RJ11 to open termination, 1-LMS cable, 1-Power Cable, 1-USB cable, 2-RS232 cable, 1-CD Manual, 2-DB 25', 'Mobilkom', '2', 'NULL', ''),
	(190, 1013, '11-1986', 'AST-VCLMX010108110006', '01-08-2011', 'NULL', '3', '1-Board PSU, 1-Board Ringer, 1-Board E&M, 1-Board FXO, 1-Board FXS, 1-Board RS232, 1-Board OAM, 1-Board CC, 2-E1 Paralel, 3-Eth Cross, 2-RJ11 to open termination, 1-LMS cable, 1-Power Cable, 1-USB cable, 2-RS232 cable, 1-CD Manual, 2-DB 25', 'Mobilkom', '2', 'NULL', ''),
	(191, 1013, '11-1987', 'AST-VCLMX010108110007', '01-08-2011', 'NULL', '3', '1-Board PSU, 1-Board Ringer, 1-Board E&M, 1-Board FXO, 1-Board FXS, 1-Board RS232, 1-Board OAM, 1-Board CC, 2-E1 Paralel, 3-Eth Cross, 2-RJ11 to open termination, 1-LMS cable, 1-Power Cable, 1-USB cable, 2-RS232 cable, 1-CD Manual, 2-DB 25', 'Mobilkom', '2', 'NULL', ''),
	(192, 1013, '11-2521', 'AST-VCLMX011411110008', '14-11-2011', '18-11-2011', '3', '1-card PSU, 1-card eth bridge, 1-card OAM, 5-card E&M, 2-card FXS, 1-card RS232, 1-card CC, 1-card ringgen, 2-cable E1 Paralel, 2-cable E1 cross, 1- cable Eth Cross, 2- cable RJ11 to open termination, 1-cable E&M, 1-LMS cable, 1-cable LANbridge, 1-Power C', 'Mobilkom', '2', '341/DO-AST/XI/2011', '-'),
	(193, 1013, '11-2522', 'AST-VCLMX011411110009', '14-11-2011', '18-11-2011', '3', '1-card PSU, 1-card eth bridge, 1-card OAM, 5-card E&M, 2-card FXO, 1-card RS232, 1-card CC, 2-cable E1 Paralel, 2-cable E1 cross, 1- cable Eth Cross, 2- cable RJ11 to open termination, 1-cable E&M, 1-LMS cable, 1-cable LANbridge, 1-Power Cable, 1-USB cable, 1-RS232 cable, 1-CD Manual, 2-DB 25', 'Mobilkom', '2', '341/DO-AST/XI/2011', '-'),
	(194, 1013, '11-2523', 'AST-VCLMX011411110010', '14-11-2011', '18-11-2011', '3', '1-card PSU, 1-card eth bridge, 1-card OAM, 5-card E&M, 1-card RS232, 1-card CC, 2-cable E1 Paralel, 2-cable E1 cross, 1- cable Eth Cross, 1-cable E&M, 1-LMS cable, 1-cable LANbridge, 1-Power Cable, 1-USB cable, 1-RS232 cable, 1-CD Manual, 2-DB 25', 'Mobilkom', '2', '341/DO-AST/XI/2011', '-'),
	(195, 1013, '11-2524', 'AST-VCLMX011411110011', '14-11-2011', '18-11-2011', '3', '1-card PSU, 1-card eth bridge, 1-card OAM, 5-card E&M, 1-card RS232, 1-card CC, 2-cable E1 Paralel, 2-cable E1 cross, 1- cable Eth Cross, 1-cable E&M, 1-LMS cable, 1-cable LANbridge, 1-Power Cable, 1-USB cable, 1-RS232 cable, 1-CD Manual, 2-DB 25', 'Mobilkom', '2', '341/DO-AST/XI/2011', '-'),
	(196, 1013, '11-2525', 'AST-VCLMX011411110012', '14-11-2011', '18-11-2011', '3', '1-card PSU, 1-card eth bridge, 1-card OAM, 5-card E&M, 1-card RS232, 1-card CC, 2-cable E1 Paralel, 2-cable E1 cross, 1- cable Eth Cross, 1-cable E&M, 1-LMS cable, 1-cable LANbridge, 1-Power Cable, 1-USB cable, 1-RS232 cable, 1-CD Manual, 2-DB 25', 'Mobilkom', '2', '341/DO-AST/XI/2011', '-'),
	(197, 1013, '11-2526', 'AST-VCLMX011411110013', '14-11-2011', '18-11-2011', '3', '1-card PSU, 2-card eth bridge, 1-card OAM, 6-card E&M, 2-card RS232, 1-card CC, 4-cable E1 Paralel, 4-cable E1 cross, 2- cable Eth Cross, 3-cable RJ11 to open, 2-cable E&M, 2-LMS cable, 2-cable LANbridge, 2-Power Cable, 2-USB cable, 2-RS232 cable, 1-CD Manual, 4-DB 25', 'Mobilkom', '2', '341/DO-AST/XI/2011', '-'),
	(198, 1013, '13-1577', 'AST-VCLMX012705130014', '27-05-2013', 'NULL', '3', '-', 'PT Mobilkom Telekomindo', '2', '203/DO-AST/VI/2013', ''),
	(199, 1013, '13-1576', 'AST-VCLMX012705130015', '27-05-2013', 'NULL', '3', '-', 'PT Mobilkom Telekomindo', '2', '203/DO-AST/VI/2013', ''),
	(200, 1013, '13-2133', 'AST-VCLMX011111130016', '11-11-2013', 'NULL', '3', '12xE1 control card, -48CDC Power Supply, 19', 'PT Mobilkom Telekomindo', '2', '358/DO-AST/XII/2013', ''),
	(201, 1013, '13-2131', 'AST-VCLMX011111130017', '11-11-2013', 'NULL', '3', '12xE1 control card, -48CDC Power Supply, 19', 'PT Mobilkom Telekomindo', '2', '358/DO-AST/XII/2013', ''),
	(202, 1013, '13-2132', 'AST-VCLMX011111130018', '11-11-2013', 'NULL', '3', '12xE1 control card, -48CDC Power Supply, 19', 'PT Mobilkom Telekomindo', '2', '358/DO-AST/XII/2013', ''),
	(203, 1013, '13-2134', 'AST-VCLMX011111130019', '11-11-2013', 'NULL', '3', '12xE1 control card, -48CDC Power Supply, 19', 'PT Mobilkom Telekomindo', '2', '358/DO-AST/XII/2013', ''),
	(204, 1013, '14-2004', 'AST-VCLMX011709140020', '17-09-2014', 'NULL', '1', 'VCL-OAM-14901 MC =1, Sub-Rack = 1, VCL-CB-035-Ext = 4, VCL-CB-060 = 2', 'PT Arga Solusi Technologies', '2', 'NULL', ''),
	(205, 1013, '14-2005', 'AST-VCLMX011709140021', '17-09-2014', 'NULL', '1', 'VCL-OAM-14901 MC =1, Sub-Rack = 1, VCL-CB-035-Ext = 5, VCL-CB-060 = 2', 'PT Arga Solusi Technologies', '2', 'NULL', ''),
	(206, 1014, '12-1025', 'AST-STM012501120001', '25-01-2012', 'NULL', '3', '-', 'PT Telkom Arnet Pontianak', '2', '018/DO-AST/I/2012', ''),
	(207, 1014, '12-1026', 'AST-STM012501120002', '25-01-2012', 'NULL', '3', '-', 'PT Telkom Arnet Pontianak', '2', '018/DO-AST/I/2012', ''),
	(208, 1014, '142008', 'AST-STM010809140003', '08-09-2014', 'NULL', '1', '-', 'PT Arga Solusi Technologies', '2', 'NULL', ''),
	(209, 1015, '14-2529', 'AST-VCL0601150001', '06-01-2015', '09-01-2015', '3', 'Ohm Connectorized Cable [DB37f-8RJ45F] ; Parallel Connectorized Cable [RJ45M-RJ45M] ; AC Power Cord (Type : DE) ; DC Power Cord [3 core open to open, Black] ; Mounting Hardware (1set) ; System User Manual', 'PT. Sampoerna Telekomunikasi Indonesia', '3', '014/DO-AST/I/2015', '-'),
	(210, 1015, '14-2528', 'AST-VCL0601150002', '06-01-2015', '09-01-2015', '3', 'Ohm Connectorized Cable [DB37f-8RJ45F] ; Parallel Connectorized Cable [RJ45M-RJ45M] ; AC Power Cord (Type : DE) ; DC Power Cord [3 core open to open, Black] ; Mounting Hardware (1set) ; System User Manual', 'PT. Sampoerna Telekomunikasi Indonesia', '3', '014/DO-AST/I/2015', '-'),
	(211, 1015, '14-2530', 'AST-VCL0601150003', '06-01-2015', '09-01-2015', '3', 'Ohm Connectorized Cable [DB37f-8RJ45F] ; Parallel Connectorized Cable [RJ45M-RJ45M] ; AC Power Cord (Type : DE) ; DC Power Cord [3 core open to open, Black] ; Mounting Hardware (1set) ; System User Manual', 'PT. Sampoerna Telekomunikasi Indonesia', '3', '014/DO-AST/I/2015', '-'),
	(212, 1015, '14-2531', 'AST-VCL0601150004', '06-01-2015', '09-01-2015', '3', 'Ohm Connectorized Cable [DB37f-8RJ45F] ; Parallel Connectorized Cable [RJ45M-RJ45M] ; AC Power Cord (Type : DE) ; DC Power Cord [3 core open to open, Black] ; Mounting Hardware (1set) ; System User Manual', 'PT. Sampoerna Telekomunikasi Indonesia', '3', '014/DO-AST/I/2015', '-'),
	(213, 2001, 'R1497523', 'AST-CU0X1308100001', '13-08-2010', 'NULL', '1', 'Demo Unit', 'PT Arga Solusi Technologies', '1', 'NULL', ''),
	(214, 2001, 'CZ22080NYY', 'AST-CU1007120002', '10-07-2012', 'NULL', '1', '-', 'PT Arga Solusi Technologies', '1', 'NULL', ''),
	(215, 2002, '???', 'AST-SIMMUX022303100001', '23-03-2010', 'NULL', '3', 'SIMMUX1 15 Probe', 'XL Jakarta', '1', 'NULL', ''),
	(216, 2002, '??', 'AST-SIMMUX022303100002', '23-03-2010', 'NULL', '3', 'SIMMUX2 14 Probe', 'XL Jakarta', '1', 'NULL', ''),
	(217, 2002, '?', 'AST-SIMMUX022303100003', '23-03-2010', 'NULL', '3', 'SIMMUX1 6 Probe', 'Indosat Jakarta', '1', 'NULL', ''),
	(218, 2002, '221405', 'AST-SIMMUX012511100004', '25-11-2010', 'NULL', '1', 'untuk SIMBOX 5 Probe', 'PT Arga Solusi Technologies', '1', 'NULL', ''),
	(219, 2002, '0608840401002383', 'AST-SIMMUX013006110005', '30-06-2011', 'NULL', '1', 'Simmux portable', 'PT Arga Solusi Technologies', '2', 'NULL', ''),
	(220, 2002, '231240', 'AST-SIMMUX012106130006', '21-06-2013', 'NULL', '1', 'SIMMUX4 Rev.10 for Telkomsel', 'PT Arga Solusi Technologies', '1', 'NULL', ''),
	(221, 2003, '431123', 'AST-LU022303100001', '23-03-2010', 'NULL', '3', '2 UMTS_Uu, 2 CDMA, 1 PSTN', 'Indosat Jakarta', '1', 'NULL', ''),
	(222, 2003, '431420', 'AST-LU010609100002', '06-09-2010', 'NULL', '1', 'Global Roamer LU 4 UMTS_Uu, 4 GSM_Um', 'PT Arga Solusi Technologies', '1', 'NULL', ''),
	(223, 2003, '141073', 'AST-LU010609100003', '06-09-2010', 'NULL', '1', 'Global Roamer', 'PT Arga Solusi Technologies', '1', 'NULL', ''),
	(224, 2003, '431315', 'AST-LU010609100004', '06-09-2010', 'NULL', '1', 'Global Roamer', 'PT Arga Solusi Technologies', '1', 'NULL', ''),
	(225, 2004, '411367', 'AST-CLU022303100001', '23-03-2010', 'NULL', '3', '2 UMTS_Uu', 'XL Denpasar', '1', 'NULL', ''),
	(226, 2004, '411305', 'AST-CLU022303100002', '23-03-2010', 'NULL', '3', '2 UMTS_Uu', 'XL Jakarta', '1', 'NULL', ''),
	(227, 2004, '411368', 'AST-CLU022303100003', '23-03-2010', 'NULL', '3', '2 UMTS_Uu', 'XL Surabaya', '1', 'NULL', ''),
	(228, 2004, '999991', 'AST-CLU022303100004', '23-03-2010', 'NULL', '3', '-', 'XL Balikpapan', '1', 'NULL', ''),
	(229, 2004, '112273', 'AST-CLU022303100005', '23-03-2010', 'NULL', '3', '2 GSM_Um, 1 PSTN', 'XL Bandung', '1', 'NULL', ''),
	(230, 2004, '112271', 'AST-CLU022303100006', '23-03-2010', 'NULL', '3', '2 GSM_Um, 1 PSTN', 'XL Banjarmasin', '1', 'NULL', ''),
	(231, 2004, '999992', 'AST-CLU022303100007', '23-03-2010', 'NULL', '3', '2 GSM_Um', 'XL Batam', '1', 'NULL', ''),
	(232, 2004, '411608', 'AST-CLU022303100008', '23-03-2010', 'NULL', '3', '2 UMTS_Uu', 'XL Bekasi', '1', 'NULL', ''),
	(233, 2004, '411606', 'AST-CLU022303100009', '23-03-2010', 'NULL', '3', '2 UMTS_Uu', 'XL Bintaro', '1', 'NULL', ''),
	(234, 2004, '411693', 'AST-CLU022303100010', '23-03-2010', 'NULL', '3', '2 UMTS_Uu', 'XL Bogor', '1', 'NULL', ''),
	(235, 2004, '411702', 'AST-CLU022303100011', '23-03-2010', 'NULL', '3', '-', 'XL Cirebon', '1', 'NULL', ''),
	(236, 2004, '411603', 'AST-CLU022303100012', '23-03-2010', 'NULL', '3', '2 UMTS_Uu', 'XL Depok', '1', 'NULL', ''),
	(237, 2004, '112003', 'AST-CLU022303100013', '23-03-2010', 'NULL', '3', '2 GSM_Um, 1 PSTN', 'XL Gianyar', '1', 'NULL', ''),
	(238, 2004, '411602', 'AST-CLU022303100014', '23-03-2010', 'NULL', '3', '2 UMTS_Uu', 'Grha XL', '1', 'NULL', ''),
	(239, 2004, '411703', 'AST-CLU022303100015', '23-03-2010', 'NULL', '3', '2 UMTS_Uu', 'XL Jambi', '1', 'NULL', ''),
	(240, 2004, '411699', 'AST-CLU022303100016', '23-03-2010', 'NULL', '3', '2 UMTS_Uu', 'XL Jember', '1', 'NULL', ''),
	(241, 2004, '411701', 'AST-CLU022303100017', '23-03-2010', 'NULL', '3', '2 UMTS_Uu', 'XL Madiun', '1', 'NULL', ''),
	(242, 2004, '411609', 'AST-CLU022303100018', '23-03-2010', 'NULL', '3', '2 UMTS_Uu', 'XL Makassar', '1', 'NULL', ''),
	(243, 2004, '411705', 'AST-CLU022303100019', '23-03-2010', 'NULL', '3', '2 UMTS_Uu', 'XL Malang', '1', 'NULL', ''),
	(244, 2004, '411610', 'AST-CLU022303100020', '23-03-2010', 'NULL', '3', '2 UMTS_Uu', 'XL Manado', '1', 'NULL', ''),
	(245, 2004, '411614', 'AST-CLU022303100021', '23-03-2010', 'NULL', '3', '2 UMTS_Uu', 'XL Medan', '1', 'NULL', ''),
	(246, 2004, '999993', 'AST-CLU022303100022', '23-03-2010', 'NULL', '3', '2 GSM_Um, 1 PSTN', 'XL Padang', '1', 'NULL', ''),
	(247, 2004, '411694', 'AST-CLU022303100023', '23-03-2010', 'NULL', '3', 'return to SIGOS at Sep 13, 2011', 'Keynote SIGOS', '1', 'NULL', ''),
	(248, 2004, '411605', 'AST-CLU022303100024', '23-03-2010', 'NULL', '3', '2 UMTS_Uu', 'XL Pamekasan', '1', 'NULL', ''),
	(249, 2004, '411613', 'AST-CLU022303100025', '23-03-2010', 'NULL', '3', '2 UMTS_Uu', 'XL Pancoran', '1', 'NULL', ''),
	(250, 2004, '411708', 'AST-CLU022303100026', '23-03-2010', 'NULL', '3', '2 UMTS_Uu', 'XL Pekanbaru', '1', 'NULL', ''),
	(251, 2004, '411692', 'AST-CLU022303100027', '23-03-2010', 'NULL', '3', '2 UMTS_Uu', 'XL Pontianak', '1', 'NULL', ''),
	(252, 2004, '411709', 'AST-CLU022303100028', '23-03-2010', 'NULL', '3', '2 UMTS_Uu', 'XL Purwakarta', '1', 'NULL', ''),
	(253, 2004, '411700', 'AST-CLU022303100029', '23-03-2010', 'NULL', '3', '2 UMTS_Uu', 'XL Semarang', '1', 'NULL', ''),
	(254, 2004, '999994', 'AST-CLU022303100030', '23-03-2010', 'NULL', '3', '2 GSM_Um, 1 PSTN', 'XL Surabaya', '1', 'NULL', ''),
	(255, 2004, '411607', 'AST-CLU022303100031', '23-03-2010', 'NULL', '3', '2 UMTS_Uu', 'XL Mataram', '1', 'NULL', ''),
	(256, 2004, '999995', 'AST-CLU022303100032', '23-03-2010', 'NULL', '3', '2 GSM_Um, 1 PSTN', 'XL Yogyakarta', '1', 'NULL', ''),
	(257, 2004, '411612', 'AST-CLU022303100033', '23-03-2010', 'NULL', '3', '2 UMTS_Uu, 2 CDMA', 'Indosat Medan', '1', 'NULL', ''),
	(258, 2004, '411615', 'AST-CLU022303100034', '23-03-2010', 'NULL', '3', '2 UMTS_Uu, 2 CDMA', 'Indosat Batam', '1', 'NULL', ''),
	(259, 2004, '411618', 'AST-CLU022303100035', '23-03-2010', 'NULL', '3', '2 UMTS_Uu, 2 CDMA', 'Indosat Surabaya', '1', 'NULL', ''),
	(260, 2004, '411616', 'AST-CLU022303100036', '23-03-2010', 'NULL', '3', '2 UMTS_Uu, 2 CDMA', 'Indosat Balikpapan', '1', 'NULL', ''),
	(261, 2004, '411611', 'AST-CLU022303100037', '23-03-2010', 'NULL', '3', '2 UMTS_Uu, 2 CDMA', 'Indosat Makassar', '1', 'NULL', ''),
	(262, 2004, '411802', 'AST-CLU022303100038', '23-03-2010', 'NULL', '3', '2 UMTS_Uu', 'Indosat Ambon', '1', 'NULL', ''),
	(263, 2004, '411772', 'AST-CLU022303100039', '23-03-2010', 'NULL', '3', '2 UMTS_Uu', 'Indosat Denpasar', '1', 'NULL', ''),
	(264, 2004, '411789', 'AST-CLU022303100040', '23-03-2010', 'NULL', '3', '2 UMTS_Uu', 'Indosat Jayapura', '1', 'NULL', ''),
	(265, 2004, '411778', 'AST-CLU022303100041', '23-03-2010', 'NULL', '3', '2 UMTS_Uu', 'Indosat Yogyakarta', '1', 'NULL', ''),
	(266, 2004, '411794', 'AST-CLU022303100042', '23-03-2010', 'NULL', '3', '2 UMTS_Uu', 'Indosat Manado', '1', 'NULL', ''),
	(267, 2004, '411788', 'AST-CLU022303100043', '23-03-2010', 'NULL', '3', '2 UMTS_Uu', 'Indosat Palembang', '1', 'NULL', ''),
	(268, 2004, '411790', 'AST-CLU022303100044', '23-03-2010', 'NULL', '3', '2 UMTS_Uu', 'Indosat Pontianak', '1', 'NULL', ''),
	(269, 2004, '411803', 'AST-CLU022303100045', '23-03-2010', 'NULL', '3', '2 UMTS_Uu', 'Indosat Semarang', '1', 'NULL', ''),
	(270, 2004, '411784', 'AST-CLU022303100046', '23-03-2010', 'NULL', '3', '2 UMTS_Uu', 'Indosat Singapore', '1', 'NULL', ''),
	(271, 2004, '411781', 'AST-CLU022303100047', '23-03-2010', 'NULL', '3', '2 UMTS_Uu', 'Indosat Hongkong', '1', 'NULL', ''),
	(272, 2004, '411658', 'AST-CLU022303100048', '23-03-2010', 'NULL', '4', 'CLU4 rev.2.1', 'PT Arga Solusi Technologies', '1', 'NULL', ''),
	(273, 2004, '412042', 'AST-CLU022303100049', '23-03-2010', 'NULL', '3', 'Replace for CLU XL Palembang 411694 , 2 UMTS MC8775', 'XL Palembang', '1', 'NULL', ''),
	(274, 2004, '411672', 'AST-CLU022303100050', '23-03-2010', 'NULL', '3', 'Temporary VPN Server for Telkomsel since 17 July 2012', 'Telkomsel', '1', 'NULL', ''),
	(275, 2004, '112536', 'AST-CLU022303100051', '23-03-2010', 'NULL', '3', 'CLU Surabaya XL', 'XL Axiata', '1', 'NULL', ''),
	(276, 2004, '112309', 'AST-CLU022303100052', '23-03-2010', 'NULL', '4', 'CLU230 rev.3.1', 'PT Arga Solusi Technologies', '1', 'NULL', ''),
	(277, 2004, '411989', 'AST-CLU0X1308100053', '13-08-2010', 'NULL', '3', 'CLU Purwakarta XL', 'XL Axiata', '1', 'NULL', ''),
	(278, 2004, '411928', 'AST-CLU0X1308100054', '13-08-2010', 'NULL', '3', 'CLU 3G Surabaya XL', 'XL Axiata', '1', 'NULL', ''),
	(279, 2004, '411509', 'AST-CLU0X2308100055', '23-08-2010', 'NULL', '4', 'CLU4 rev.2.1', 'PT Arga Solusi Technologies', '1', 'NULL', ''),
	(280, 2004, '411698', 'AST-CLU013006110056', '30-06-2011', 'NULL', '4', 'CLU4 rev.2.1', 'PT Arga Solusi Technologies', '1', 'NULL', ''),
	(281, 2004, '411596', 'AST-CLU011010110057', '10-10-2011', 'NULL', '3', 'Simserver sx-id01', 'Lantai 5', '1', 'NULL', ''),
	(282, 2004, '412091', 'AST-CLU020711110058', '07-11-2011', 'NULL', '3', 'CLU Denpasar HCPT', 'PT Berca HCPT', '1', '332/TT-AST/XI/2011', ''),
	(283, 2004, '413956', 'AST-CLU022702120059', '27-02-2012', 'NULL', '4', 'CLU4 rev.4.4 CDMA trial China', 'PT Arga Solusi Technologies', '1', 'NULL', ''),
	(284, 2004, '411462', 'AST-CLU021001140060', '10-01-2014', 'NULL', '4', 'CLU4 rev.3.1 temporary for CLU Pontianak XL', 'XL Axiata', '1', 'NULL', ''),
	(285, 2004, '411951', 'AST-CLU020302140061', '03-02-2014', 'NULL', '4', 'replacement CLU 3G Surabaya XL', 'PT Arga Solusi Technologies', '1', 'NULL', ''),
	(286, 2004, '411991', 'AST-011902140062', '19-02-2014', 'NULL', '3', 'CLU Manado HCPT', 'PT Arga Solusi Technologies', '2', 'NULL', ''),
	(287, 2004, '412081', 'AST-CLU021403140063', '14-03-2014', 'NULL', '4', 'CLU4 rev.3.1 ex CLU Medan HCPT', 'PT Arga Solusi Technologies', '1', 'NULL', ''),
	(288, 2004, '412039', 'AST-CLU021403140064', '14-03-2014', 'NULL', '4', 'CLU4 Rev3.1', 'PT Arga Solusi Technologies', '1', 'NULL', ''),
	(289, 2004, '411526', 'AST-CLU021403140065', '14-03-2014', 'NULL', '4', 'CLU4 rev.2.1', 'PT Arga Solusi Technologies', '1', 'NULL', ''),
	(290, 2005, '412010', 'AST-WLU022303100001', '23-03-2010', 'NULL', '3', '3 UMTS_Uu', 'XL Bali', '1', 'NULL', ''),
	(291, 2005, '412009', 'AST-WLU022303100002', '23-03-2010', 'NULL', '3', '3 UMTS_Uu', 'XL Jakarta', '1', 'NULL', ''),
	(292, 2005, '412586', 'AST-WLU010705100003', '07-05-2010', 'NULL', '3', '4 UMTS_Uu', 'Telkomsel wluPalembang', '1', 'NULL', ''),
	(293, 2005, '412587', 'AST-WLU010705100004', '07-05-2010', 'NULL', '3', '4 UMTS_Uu', 'Telkomsel - sitewlu8', '1', 'NULL', ''),
	(294, 2005, '412588', 'AST-WLU010705100005', '07-05-2010', 'NULL', '3', '4 UMTS_Uu', 'Telkomsel - wluSemarang', '1', 'NULL', ''),
	(295, 2005, '412589', 'AST-WLU010705100006', '07-05-2010', 'NULL', '3', '4 UMTS_Uu', 'Telkomsel - wluIstanaNegara', '1', 'NULL', ''),
	(296, 2005, '412590', 'AST-WLU010705100007', '07-05-2010', 'NULL', '3', '4 UMTS_Uu', 'Telkomsel - wlupekanbaru', '1', 'NULL', ''),
	(297, 2005, '412591', 'AST-WLU010705100008', '07-05-2010', 'NULL', '3', '4 UMTS_Uu', 'Telkomsel - sitewlu6', '1', 'NULL', ''),
	(298, 2005, '412566', 'AST-WLU020207100009', '02-07-2010', 'NULL', '3', '3 UMTS_Uu', 'PT XL Axiata', '1', '217/DO-AST/VII/2010', ''),
	(299, 2005, '412574', 'AST-WLU020207100010', '02-07-2010', 'NULL', '3', '3 UMTS_Uu', 'PT XL Axiata', '1', '217/DO-AST/VII/2010', ''),
	(300, 2005, '412582', 'AST-WLU020207100011', '02-07-2010', 'NULL', '3', '3 UMTS_Uu', 'PT XL Axiata', '1', '217/DO-AST/VII/2010', ''),
	(301, 2005, '412583', 'AST-WLU020207100012', '02-07-2010', 'NULL', '3', '3 UMTS_Uu', 'PT XL Axiata', '1', '217/DO-AST/VII/2010', ''),
	(302, 2005, '411765', 'AST-WLU022611100013', '26-11-2010', 'NULL', '3', 'WLU Replacement for HCPT - 2 probe MC8775', 'PT Berca', '1', '413/TT-AST/XII/2010', ''),
	(303, 2005, '411799', 'AST-WLU022611100014', '26-11-2010', 'NULL', '4', 'WLU4 rev.3.1', 'PT Arga Solusi Technologies', '1', 'NULL', ''),
	(304, 2005, '413526', 'AST-WLU022004110015', '20-04-2011', 'NULL', '3', 'WLU14 - 4 UMTS_Uu + 8 antenna', 'Telkomsel', '1', '104/DO-AST/IV/2011', ''),
	(305, 2005, '413527', 'AST-WLU022004110016', '20-04-2011', 'NULL', '3', 'WLU16 - 4 UMTS_Uu + 8 antenna', 'Telkomsel', '1', '104/DO-AST/IV/2011', ''),
	(306, 2005, '413529', 'AST-WLU022604110017', '26-04-2011', 'NULL', '3', 'WLU20 - 4 UMTS_Uu + 8 antenna', 'Telkomsel', '1', '104/DO-AST/IV/2011', ''),
	(307, 2005, '413530', 'AST-WLU022004110018', '20-04-2011', 'NULL', '3', 'WLU15 - 4 UMTS_Uu + 8 antenna', 'Telkomsel', '1', '104/DO-AST/IV/2011', ''),
	(308, 2005, '413531', 'AST-WLU022604110019', '26-04-2011', 'NULL', '3', 'WLU21 - 4 UMTS_Uu + 8 antenna', 'Telkomsel', '1', '104/DO-AST/IV/2011', ''),
	(309, 2005, '413532', 'AST-WLU022004110020', '20-04-2011', 'NULL', '3', 'WLU11 - 4 UMTS_Uu + 8 antenna', 'Telkomsel', '1', '104/DO-AST/IV/2011', ''),
	(310, 2005, '413533', 'AST-WLU022004110021', '20-04-2011', 'NULL', '3', 'WLU13 - 4 UMTS_Uu + 8 antenna', 'Telkomsel', '1', '104/DO-AST/IV/2011', ''),
	(311, 2005, '413534', 'AST-WLU022604110022', '26-04-2011', 'NULL', '3', 'WLU18 - 4 UMTS_Uu + 8 antenna', 'Telkomsel', '1', '104/DO-AST/IV/2011', ''),
	(312, 2005, '413535', 'AST-WLU022004110023', '20-04-2011', 'NULL', '3', 'WLU12 - 4 UMTS_Uu + 8 antenna', 'Telkomsel', '1', '104/DO-AST/IV/2011', ''),
	(313, 2005, '413536', 'AST-WLU022604110024', '26-04-2011', 'NULL', '3', 'WLU22 - 4 UMTS_Uu + 8 antenna', 'Telkomsel', '1', '104/DO-AST/IV/2011', ''),
	(314, 2005, '413537', 'AST-WLU022604110025', '26-04-2011', 'NULL', '3', 'WLU19 - 4 UMTS_Uu + 8 antenna', 'Telkomsel', '1', '104/DO-AST/IV/2011', ''),
	(315, 2005, '413538', 'AST-WLU022604110026', '26-04-2011', 'NULL', '3', 'WLU17 - 4 UMTS_Uu + 8 antenna', 'Telkomsel', '1', '104/DO-AST/IV/2011', ''),
	(316, 2005, '412107', 'AST-WLU011110130027', '11-10-2013', 'NULL', '3', 'WLU Yogyakarta HCPT', 'HCPT', '1', 'NULL', ''),
	(317, 2005, '414122', 'AST-WLU012106130028', '21-06-2013', 'NULL', '3', 'WLU IT Telkomsel', 'Telkomsel', '1', 'NULL', ''),
	(318, 2006, '451101', 'AST-MLU020207100001', '02-07-2010', 'NULL', '3', '2 UMTS_Uu', 'XL Axiata', '1', '294/DO-AST/IX/2010', ''),
	(319, 2006, '451102', 'AST-MLU020207100002', '02-07-2010', 'NULL', '3', '2 UMTS_Uu', 'XL Axiata', '1', '294/DO-AST/IX/2010', ''),
	(320, 2006, '451103', 'AST-MLU020207100003', '02-07-2010', 'NULL', '3', '2 UMTS_Uu', 'XL Axiata', '1', '294/DO-AST/IX/2010', ''),
	(321, 2006, '451104', 'AST-MLU020207100004', '02-07-2010', 'NULL', '3', '2 UMTS_Uu', 'XL Axiata', '1', '294/DO-AST/IX/2010', ''),
	(322, 2006, '451105', 'AST-MLU020207100005', '02-07-2010', 'NULL', '3', '2 UMTS_Uu', 'XL Axiata', '1', '294/DO-AST/IX/2010', ''),
	(323, 2006, '451106', 'AST-MLU020207100006', '02-07-2010', 'NULL', '3', '2 UMTS_Uu', 'XL Axiata', '1', '294/DO-AST/IX/2010', ''),
	(324, 2007, '0608840401002383', 'AST-SIMBOARD0X1308100001', '13-08-2010', 'NULL', '1', 'Demo Unit', 'PT Arga Solusi Technologies', '1', 'NULL', ''),
	(325, 2007, '1144840431500570', 'AST-SIMBOARD0X0712110002', '07-12-2011', 'NULL', '1', '-', 'PT Arga Solusi Technologies', '1', 'NULL', ''),
	(326, 2007, '1144840431500495', 'AST-SIMBOARD0X0712110003', '07-12-2011', 'NULL', '1', '-', 'PT Arga Solusi Technologies', '1', 'NULL', ''),
	(327, 2007, '1144840431500489', 'AST-SIMBOARD0X0712110004', '07-12-2011', 'NULL', '1', '-', 'PT Arga Solusi Technologies', '1', 'NULL', ''),
	(328, 2007, '1129840431500408', 'AST-SIMBOARD0X0712110005', '07-12-2011', 'NULL', '1', '-', 'PT Arga Solusi Technologies', '1', 'NULL', ''),
	(329, 2008, 'CZC9495P08', 'AST-CUX020305100001', '03-05-2010', 'NULL', '3', '-', 'PT Telkomsel Buaran', '1', '141/DO-AST/V/2010', ''),
	(330, 2008, 'CZC0020WP4', 'AST-CUX022505100002', '25-05-2010', 'NULL', '3', '-', 'Grha XL', '1', '172/DO-AST/V/2010', ''),
	(331, 2009, '211024', 'AST-SIMSRV011606100001', '16-06-2010', 'NULL', '2', 'error pada saat booting', 'Keynote SIGOS', '1', 'NULL', ''),
	(332, 2009, '211184', 'AST-SIMSRV011010110002', '10-10-2011', 'NULL', '1', 'OLD simserver spare', 'PT Arga Solusi Technologies', '1', 'NULL', ''),
	(333, 2010, 'CZJ015015G1', 'AST-MS020207100001', '02-07-2010', 'NULL', '1', 'PO PT XL', 'PT Arga Solusi Technologies', '1', 'NULL', ''),
	(334, 2011, '461028', 'AST-GB020207100001', '02-07-2010', 'NULL', '3', '-', 'XL Surabaya', '1', 'NULL', ''),
	(335, 2012, '461029', 'AST-SS7020207100001', '02-07-2010', 'NULL', '3', '-', 'XL Surabaya', '1', 'NULL', ''),
	(336, 2012, '431420', 'AST-SS7010609100002', '06-09-2010', 'NULL', '2', 'Trial TSEL sent to SIGOS for repair', 'Keynote SIGOS', '1', 'NULL', ''),
	(337, 2012, '461054', 'AST-SS7012712100003', '27-12-2010', 'NULL', '1', 'TSEL Trial Replacement', 'PT Arga Solusi Technologies', '1', 'NULL', ''),
	(338, 2013, '461020', 'AST-lU020207100001', '02-07-2010', 'NULL', '3', '-', 'XL Surabaya', '1', 'NULL', ''),
	(339, 2013, '461058', 'AST-lU012712100002', '27-12-2010', 'NULL', '1', 'TSEL Trial Iu-CS', 'PT Arga Solusi Technologies', '1', 'NULL', ''),
	(340, 2014, 'CZJ847A6LP', 'AST-VPNSERVER0X1908100001', '19-08-2010', 'NULL', '1', '-', 'PT Arga Solusi Technologies', '1', 'NULL', ''),
	(341, 2015, '470113', 'AST-NMP013103110001', '31-03-2011', 'NULL', '1', '2 probe MC8775', 'PT Arga Solusi Technologies', '2', 'NULL', ''),
	(342, 2016, '353626025908224', 'AST-PRB010712110001', '07-12-2011', 'NULL', '1', 'Probe Indosat', 'PT Arga Solusi Technologies', '2', 'NULL', ''),
	(343, 2016, '353626025908042', 'AST-PRB010712110002', '07-12-2011', 'NULL', '1', 'Probe Indosat', 'PT Arga Solusi Technologies', '2', 'NULL', ''),
	(344, 2016, '353626025907705', 'AST-PRB010712110003', '07-12-2011', 'NULL', '1', 'Probe Indosat', 'PT Arga Solusi Technologies', '2', 'NULL', ''),
	(345, 2016, '352679012736752', 'AST-PRB043011120004', '30-11-2012', 'NULL', '1', 'MC8775 di wlu spare 411799', 'PT Arga Solusi Technologies', '2', 'NULL', ''),
	(346, 2016, '353626020741067', 'AST-PRB053011120005', '30-11-2012', 'NULL', '3', 'di gunakan untuk wlu14cirebon telkomsel', 'WLU14 Cirebon', '2', 'NULL', ''),
	(347, 2016, '352679012736398', 'AST-PRB063011120006', '30-11-2012', 'NULL', '4', 'MC 8775 CLU jakarta_4 demo', 'PT Arga Solusi Technologies', '2', 'NULL', ''),
	(348, 2016, '353626020652058', 'AST-PRB013011120007', '30-11-2012', 'NULL', '4', 'SM7 PLUS MC8790', 'PT Arga Solusi Technologies', '2', 'NULL', ''),
	(349, 2016, '353626020762311', 'AST-PRB083011120008', '30-11-2012', 'NULL', '3', 'Telkomsel Palembang', 'Palembang', '2', 'NULL', ''),
	(350, 2016, '353626025274676', 'AST-PRB093011120009', '30-11-2012', 'NULL', '1', 'Probe Spare', 'PT Arga Solusi Technologies', '2', '-', '-'),
	(351, 2016, '353626020022286', 'AST-PRB103011120010', '30-11-2012', 'NULL', '4', 'SM7 MC8790', 'PT Arga Solusi Technologies', '2', 'NULL', ''),
	(352, 2016, '35362620022047', 'AST-PRB113011120011', '30-11-2012', 'NULL', '1', 'spare arga', 'PT Arga Solusi Technologies', '2', 'NULL', ''),
	(353, 2016, '353626020759747', 'AST-PRB01712200012', '17-12-20', 'NULL', '1', 'Spare Arga', 'PT Arga Solusi Technologies', '2', 'NULL', ''),
	(354, 2016, '353626025383089', 'AST-PRB01712200013', '17-12-20', 'NULL', '3', 'MLU101', 'PT Arga Solusi Technologies', '2', 'NULL', ''),
	(355, 2016, '353626020022146', 'AST-PRB2806130014', '28-06-2013', 'NULL', '1', 'probe spare', 'PT Arga Solusi Technologies', '2', '-', '-'),
	(356, 2016, '352679013423525', 'AST-PRB-0015', 'NULL', 'NULL', '1', 'spare arga (MC8775V)', 'PT Arga Solusi Technologies', '2', 'NULL', ''),
	(357, 2016, '353626025348454', 'AST-PRB0703200016', '07-03-20', 'NULL', '2', 'MC8790 WLU14 Cirebon rusak', 'PT Arga Solusi Technologies', '2', 'NULL', ''),
	(358, 2016, '353626020741091', 'AST-PRB0705200017', '07-05-20', 'NULL', '2', 'probe WLU telkomsel (broken)', 'PT Arga Solusi Technologies', '2', 'NULL', ''),
	(359, 2016, '353626026493622', 'AST-PRB012705130018', '27-05-2013', 'NULL', '1', 'probe spare', 'PT Arga Solusi Technologies', '2', '-', '-'),
	(360, 2016, '353626020571258', 'AST-PRB012705130019', '27-05-2013', 'NULL', '1', 'probe spare', 'PT Arga Solusi Technologies', '2', '-', '-'),
	(361, 2016, '352679010286909', 'AST-PRB011106130020', '11-06-2013', 'NULL', '4', 'MC8775 CLU Jakarta_1 demo', 'PT Arga Solusi Technologies', '2', 'NULL', ''),
	(362, 2016, '352679013481960', 'AST-PRB011106130021', '11-06-2013', 'NULL', '4', 'MC8775 CLU Jakarta_1 demo', 'PT Arga Solusi Technologies', '2', 'NULL', ''),
	(363, 2016, '352679012736562', 'AST-PRB011106130022', '11-06-2013', 'NULL', '4', 'MC8775 CLU Jakarta_1 demo', 'PT Arga Solusi Technologies', '2', 'NULL', ''),
	(364, 2016, '352679012736521', 'AST-PRB011106130023', '11-06-2013', 'NULL', '4', 'MC8775 CLU Jakarta_1 demo', 'PT Arga Solusi Technologies', '2', 'NULL', ''),
	(365, 2016, '353626020022047', 'AST-PRB011106130024', '11-06-2013', 'NULL', '4', 'MC8790 K2_2_0_16AP CoC Firmware CLU Jakarta_4 demo', 'PT Arga Solusi Technologies', '2', 'NULL', ''),
	(366, 2016, '352679010060262', 'AST-PRB011106130025', '11-06-2013', 'NULL', '4', 'MC 8775 CLU Jakarta_4 demo', 'PT Arga Solusi Technologies', '2', 'NULL', ''),
	(367, 2016, '352679013482539', 'AST-PRB011106130026', '11-06-2013', 'NULL', '4', 'MC8775 CLU Jakarta_3 demo', 'PT Arga Solusi Technologies', '2', 'NULL', ''),
	(368, 2016, '352679010286487', 'AST-PRB011106130027', '11-06-2013', 'NULL', '4', 'MC8775 CLU Jakarta_3 demo', 'PT Arga Solusi Technologies', '2', 'NULL', ''),
	(369, 2016, '352679013482570', 'AST-PRB011106130028', '11-06-2013', 'NULL', '4', 'MC8775 CLU Jakarta_3 demo', 'PT Arga Solusi Technologies', '2', 'NULL', ''),
	(370, 2016, '352679013482257', 'AST-PRB011106130029', '11-06-2013', 'NULL', '4', 'MC8775 CLU Jakarta_3 demo', 'PT Arga Solusi Technologies', '2', 'NULL', ''),
	(371, 2016, '353626021279091', 'AST-PRB012806130030', '28-06-2013', 'NULL', '4', 'SM7 PLUS MC8790', 'PT Arga Solusi Technologies', '2', 'NULL', ''),
	(372, 2016, '353626025802211', 'AST-PRB012806130031', '28-06-2013', 'NULL', '1', 'probe spre', 'PT Arga Solusi Technologies', '2', '-', '-'),
	(373, 2016, '353626020022377', 'AST-PRB012509200032', '25-09-20', 'NULL', '1', 'SPARE', 'PT Arga Solusi Technologies', '2', 'NULL', ''),
	(374, 2016, '353626025908000', 'AST-PRB011210140033', '12-10-2014', 'NULL', '4', 'Replace probe WLU Cempaka Mas XL', 'PT Arga Solusi Technologies', '2', 'NULL', ''),
	(375, 2016, '353626021276741', 'AST-PRB011811140034', '18-11-2014', 'NULL', '1', 'replacement probe WLU Cempaka Mas', 'PT Arga Solusi Technologies', '2', 'NULL', ''),
	(376, 2017, '0179211', 'AST-CDM010803120001', '08-03-2012', 'NULL', '1', 'tipe SM8 Qualcomm untuk LU id-04', 'PT Arga Solusi Technologies', '2', 'NULL', ''),
	(377, 2017, '0165678', 'AST-CDM010803120002', '08-03-2012', 'NULL', '1', 'tipe SM8 Qualcomm untuk LU id-04', 'PT Arga Solusi Technologies', '2', 'NULL', ''),
	(378, 2017, '6066B54D', 'AST-CDM0108030703200003', '07-03-20', 'NULL', '1', 'Spare Arga', 'PT Arga Solusi Technologies', '2', 'NULL', ''),
	(379, 8001, '4121138', '-13/12/0001', 'NULL', 'NULL', '1', 'SM8 Rev.c', 'PT Arga Solusi Technologies', '2', 'NULL', ''),
	(380, 2019, '357597040063079', 'AST-PRB0108130001', '01-08-2013', 'NULL', '1', 'for HCPT (antenanya 2)', 'PT Arga Solusi Technologies', '2', 'NULL', ''),
	(381, 2019, '357597040037479', 'AST-PRB0108130002', '01-08-2013', 'NULL', '1', 'for HCPT (antenanya 2)', 'PT Arga Solusi Technologies', '2', 'NULL', ''),
	(382, 2019, '357597040037628', 'AST-PRB0108130003', '01-08-2013', 'NULL', '3', '-', 'CLU Plaza Kuningan HCPT', '2', '040/DO-AST/II/2014', ''),
	(383, 2019, '357597040062949', 'AST-PRB0108130004', '01-08-2013', 'NULL', '1', 'for HCPT (antenanya 2)', 'PT Arga Solusi Technologies', '2', 'NULL', ''),
	(384, 2019, '357597040037461', 'AST-PRB0108130005', '01-08-2013', 'NULL', '3', '-', 'WLU Semarang HCPT', '2', '045/DO-AST/II/2014', ''),
	(385, 2019, '357597040817011', 'AST-PRB0108130006', '01-08-2013', 'NULL', '1', 'for HCPT (antenanya 2)', 'PT Arga Solusi Technologies', '2', 'NULL', ''),
	(386, 2019, '357597040816096', 'AST-PRB0108130007', '01-08-2013', 'NULL', '3', '-', 'CLU Bandung HCPT', '2', '059/DO-AST/II/2014', ''),
	(387, 2019, '357597040816427', 'AST-PRB0108130008', '01-08-2013', 'NULL', '1', 'for HCPT (antenanya 2)', 'PT Arga Solusi Technologies', '2', 'NULL', ''),
	(388, 2019, '357597040036570', 'AST-PRB0108130009', '01-08-2013', 'NULL', '1', 'for HCPT (antenanya 2)', 'PT Arga Solusi Technologies', '2', 'NULL', ''),
	(389, 2019, '357597040816674', 'AST-PRB0108130010', '01-08-2013', 'NULL', '1', 'for HCPT (antenanya 2)', 'PT Arga Solusi Technologies', '2', 'NULL', ''),
	(390, 2019, '357597040064291', 'AST-PRB0108130011', '01-08-2013', '12-02-2014', '3', '-', 'CLU Menara Mulia HCPT', '2', '039/DO-AST/II/2014', '-'),
	(391, 2019, '357597040817029', 'AST-PRB0108130012', '01-08-2013', 'NULL', '1', 'for HCPT (antenanya 2)', 'PT Arga Solusi Technologies', '2', 'NULL', ''),
	(392, 2019, '357597040035093', 'AST-PRB0108130013', '01-08-2013', 'NULL', '1', 'for HCPT (antenanya 2)', 'PT Arga Solusi Technologies', '2', 'NULL', ''),
	(393, 2019, '357597040036752', 'AST-PRB0108130014', '01-08-2013', 'NULL', '1', 'for HCPT (antenanya 2)', 'PT Arga Solusi Technologies', '2', 'NULL', ''),
	(394, 2019, '357597040063285', 'AST-PRB0108130015', '01-08-2013', 'NULL', '1', 'for HCPT (antenanya 2)', 'PT Arga Solusi Technologies', '2', 'NULL', ''),
	(395, 2019, '357597040816799', 'AST-PRB0108130016', '01-08-2013', 'NULL', '1', 'for HCPT (antenanya 2)', 'PT Arga Solusi Technologies', '2', 'NULL', ''),
	(396, 2019, '353227026579641', 'AST-PRB012609140017', '26-09-2014', 'NULL', '3', 'CLU KPPTI Indosat (MC75i)', 'PT Indosat', '2', '250/DO-AST/IX/2014', ''),
	(397, 2019, '357597041034723', 'AST-PRB012609140018', '26-09-2014', 'NULL', '3', 'CLU KPPTI Indosat', 'PT Indosat', '2', '250/DO-AST/IX/2014', ''),
	(398, 2019, '357597041034327', 'AST-PRB012609140019', '26-09-2014', 'NULL', '3', 'CLU Jakarta Indosat', 'PT Indosat', '2', '251/DO-AST/IX/2014', ''),
	(399, 2019, '357597041034962', 'AST-PRB012609140020', '26-09-2014', 'NULL', '3', 'CLU Jakarta Indosat', 'PT Indosat', '2', '251/DO-AST/IX/2014', ''),
	(400, 2020, '352679013423525', 'AST-PRB012509200001', '25-09-20', 'NULL', '3', 'Digunakan untuk clu replacement for cluMedan HCPT', 'HCPT Medan', '2', 'NULL', ''),
	(401, 2020, '352679012736059', 'AST-PRB012110130002', '21-10-2013', 'NULL', '1', 'Probe Spare', 'PT Arga Solusi Technologies', '2', '-', '-'),
	(402, 2020, '352679013481945', 'AST-PRB011001140003', '10-01-2014', 'NULL', '1', 'Probe Spare', 'PT Arga Solusi Technologies', '2', '-', '-'),
	(403, 2020, '352679012736752', 'AST-PRB023011120004', '30-11-2012', 'NULL', '1', 'Probe Spare', 'PT Arga Solusi Technologies', '2', '-', '-'),
	(404, 2020, '352679012736398', 'AST-PRB023011120005', '30-11-2012', 'NULL', '1', 'available di wlu spare 411799', 'PT Arga Solusi Technologies', '2', 'NULL', ''),
	(405, 3001, 'HT11200758680', 'AST-ADNET01012807080001', '28-07-2008', 'NULL', '1', 'Demo Unit', 'PT Arga Solusi Technologies', '2', 'NULL', ''),
	(406, 3001, 'HT11200758682', 'AST-ADNET01012807080002', '28-07-2008', 'NULL', '1', 'Demo Unit', 'PT Arga Solusi Technologies', '2', 'NULL', ''),
	(407, 3001, 'HT11200800621', 'AST-ADNET01012807080003', '28-07-2008', 'NULL', '1', '-', 'PT Arga Solusi Technologies', '2', 'NULL', ''),
	(408, 3001, 'HT11200800622', 'AST-ADNET01012807080004', '28-07-2008', 'NULL', '1', '-', 'PT Arga Solusi Technologies', '2', 'NULL', ''),
	(409, 3001, 'HT11200800623', 'AST-ADNET01012807080005', '28-07-2008', 'NULL', '3', '-', 'PT. Balitowerindo Sentra', '1', 'NULL', ''),
	(410, 3001, 'HT11200800624', 'AST-ADNET01012807080006', '28-07-2008', 'NULL', '3', '-', 'PT. Balitowerindo Sentra', '1', 'NULL', ''),
	(411, 3001, 'HT11200800625', 'AST-ADNET01012807080007', '28-07-2008', 'NULL', '3', '-', 'PT. Balitowerindo Sentra', '1', 'NULL', ''),
	(412, 3001, 'HT11200800626', 'AST-ADNET01012807080008', '28-07-2008', 'NULL', '3', '-', 'PT. Balitowerindo Sentra', '1', 'NULL', ''),
	(413, 4001, '10012009', 'AST-VSS020203100001', '02-03-2010', 'NULL', '3', '-', 'PT Next Generation Wave', '3', '057/DO-AST/III/2010', ''),
	(414, 4001, '10012056', 'AST-VSS020203100002', '02-03-2010', 'NULL', '3', '-', 'PT Next Generation Wave', '3', '057/DO-AST/III/2010', ''),
	(415, 4002, '10013713', 'AST-VSSDT011205100001', '12-05-2010', 'NULL', '1', '-', 'PT Arga Solusi Technologies', '1', 'NULL', ''),
	(416, 4003, '10013826', 'AST-VSSLX011805100001', '18-05-2010', 'NULL', '1', 'V 1.1 L.L-J', 'PT Arga Solusi Technologies', '1', 'NULL', ''),
	(417, 4004, '10013827', 'AST-VSSZX011805100001', '18-05-2010', 'NULL', '1', 'V 1.1 Z.Z-O', 'PT Arga Solusi Technologies', '1', 'NULL', ''),
	(418, 4005, '10013824', 'AST-VSSV24011805100001', '18-05-2010', 'NULL', '1', 'V24 L.P-NF-AF-Span', 'PT Arga Solusi Technologies', '1', 'NULL', ''),
	(419, 4005, '10013831', 'AST-VSSV24010306100002', '03-06-2010', 'NULL', '3', 'V24 L.P-NF-AF-Span', 'PT Packet Systems Indonesia', '1', '190/DO-AST/VI/2010', ''),
	(420, 4005, '10013832', 'AST-VSSV24010306100003', '03-06-2010', 'NULL', '3', 'V24 L.P-NF-AF-Span', 'PT Packet Systems Indonesia', '1', '190/DO-AST/VI/2010', ''),
	(421, 4005, '10013833', 'AST-VSSV24010306100004', '03-06-2010', 'NULL', '3', 'V24 L.P-NF-AF-Span', 'PT Packet Systems Indonesia', '1', '190/DO-AST/VI/2010', ''),
	(422, 4005, '10018355', 'AST-VSSV24010304110005', '03-04-2011', 'NULL', '3', 'V24 L.P-NF-AFL-Span', 'PT Packet Systems Indonesia', '1', '047/DO-AST/III/2011', ''),
	(423, 4006, '10015339', 'AST-VSSV124012408100001', '24-08-2010', 'NULL', '3', '-', 'PT Next Generation Wave', '1', 'NULL', ''),
	(424, 4006, '10015400', 'AST-VSSV124012408100002', '24-08-2010', 'NULL', '3', '-', 'PT Next Generation Wave', '1', 'NULL', ''),
	(425, 4006, '10015401', 'AST-VSSV124012408100003', '24-08-2010', 'NULL', '3', '-', 'PT Next Generation Wave', '1', 'NULL', ''),
	(426, 4006, '10015402', 'AST-VSSV124012408100004', '24-08-2010', 'NULL', '3', '-', 'PT Next Generation Wave', '1', 'NULL', ''),
	(427, 4006, '10015403', 'AST-VSSV124012408100005', '24-08-2010', 'NULL', '3', '-', 'PT Next Generation Wave', '1', 'NULL', ''),
	(428, 4006, '10015404', 'AST-VSSV124012408100006', '24-08-2010', 'NULL', '3', '-', 'PT Next Generation Wave', '1', 'NULL', ''),
	(429, 4006, '10015434', 'AST-VSSV124012408100007', '24-08-2010', 'NULL', '3', '-', 'PT Next Generation Wave', '1', '299/DO-AST/IX/2010', ''),
	(430, 4006, '10015964', 'AST-VSSV124012109100008', '21-09-2010', 'NULL', '3', '-', 'PT Next Generation Wave', '1', '299/DO-AST/IX/2010', ''),
	(431, 4006, '10015965', 'AST-VSSV124012109100009', '21-09-2010', 'NULL', '3', '-', 'PT Next Generation Wave', '1', '299/DO-AST/IX/2010', ''),
	(432, 4006, '10015966', 'AST-VSSV124012109100010', '21-09-2010', 'NULL', '3', '-', 'PT Next Generation Wave', '1', '299/DO-AST/IX/2010', ''),
	(433, 4006, '10015967', 'AST-VSSV124012109100011', '21-09-2010', 'NULL', '3', '-', 'PT Next Generation Wave', '1', '299/DO-AST/IX/2010', ''),
	(434, 4006, '10015968', 'AST-VSSV124012109100012', '21-09-2010', 'NULL', '3', '-', 'PT Next Generation Wave', '1', '299/DO-AST/IX/2010', ''),
	(435, 4006, '10015969', 'AST-VSSV124012109100013', '21-09-2010', 'NULL', '3', '-', 'PT Next Generation Wave', '1', '299/DO-AST/IX/2010', ''),
	(436, 4006, '10015963', 'AST-VSSV124012809100014', '28-09-2010', 'NULL', '3', '-', 'PT Next Generation Wave', '1', '299/DO-AST/IX/2010', ''),
	(437, 4006, '10015970', 'AST-VSSV124012809100015', '28-09-2010', 'NULL', '3', '-', 'PT Next Generation Wave', '1', '299/DO-AST/IX/2010', ''),
	(438, 4006, '10015971', 'AST-VSSV124012809100016', '28-09-2010', 'NULL', '3', '-', 'PT Next Generation Wave', '1', '299/DO-AST/IX/2010', ''),
	(439, 4006, '10015972', 'AST-VSSV124012809100017', '28-09-2010', 'NULL', '3', '-', 'PT Next Generation Wave', '1', '299/DO-AST/IX/2010', ''),
	(440, 4006, '10015973', 'AST-VSSV124012809100018', '28-09-2010', 'NULL', '3', '-', 'PT Next Generation Wave', '1', '299/DO-AST/IX/2010', ''),
	(441, 4006, '10015974', 'AST-VSSV124012809100019', '28-09-2010', 'NULL', '3', '-', 'PT Next Generation Wave', '1', '299/DO-AST/IX/2010', ''),
	(442, 4006, '11025669', 'AST-VSSV124013011110020', '30-11-2011', 'NULL', '3', '-', 'PT Next Generation Wave', '1', '356/DO-AST/XII/2011', ''),
	(443, 4006, '11025672', 'AST-VSSV124013011110021', '30-11-2011', 'NULL', '3', '-', 'PT Next Generation Wave', '1', '356/DO-AST/XII/2011', ''),
	(444, 4006, '11025666', 'AST-VSSV124013011110022', '30-11-2011', 'NULL', '3', '-', 'PT Next Generation Wave', '1', '356/DO-AST/XII/2011', ''),
	(445, 4006, '11025668', 'AST-VSSV124013011110023', '30-11-2011', 'NULL', '3', '-', 'PT Next Generation Wave', '1', '356/DO-AST/XII/2011', ''),
	(446, 4006, '11025670', 'AST-VSSV124013011110024', '30-11-2011', 'NULL', '3', '-', 'PT Next Generation Wave', '1', '356/DO-AST/XII/2011', ''),
	(447, 4006, '11025667', 'AST-VSSV124013011110025', '30-11-2011', 'NULL', '3', '-', 'PT Next Generation Wave', '1', '356/DO-AST/XII/2011', ''),
	(448, 4006, '11025671', 'AST-VSSV124013011110026', '30-11-2011', 'NULL', '3', '-', 'PT Next Generation Wave', '1', '356/DO-AST/XII/2011', ''),
	(449, 4007, '10015521', 'AST-VSSV4242809100001', '28-09-2010', 'NULL', '3', 'dikirimkan kembali ke VSS pada tanggal 13 September 2011', 'US', '1', 'NULL', ''),
	(450, 5001, 'AS0946332529', 'AST-UPS020305100001', '03-05-2010', 'NULL', '1', '-', 'PT Arga Solusi Technologies', '1', 'NULL', ''),
	(451, 5001, '1C1G61311015', 'AST-UPS021812130002', '18-12-2013', 'NULL', '1', '-', 'PT Arga Solusi Technologies', '1', 'NULL', ''),
	(452, 5001, '1C1G61311017', 'AST-UPS021812130003', '18-12-2013', 'NULL', '1', '-', 'PT Arga Solusi Technologies', '1', 'NULL', ''),
	(453, 5001, '1C1G61311014', 'AST-UPS021812130004', '18-12-2013', 'NULL', '1', '-', 'PT Arga Solusi Technologies', '1', 'NULL', ''),
	(454, 5001, '1C1G61311016', 'AST-UPS021812130005', '18-12-2013', 'NULL', '1', '-', 'PT Arga Solusi Technologies', '1', 'NULL', ''),
	(455, 5001, '1C1G61311013', 'AST-UPS021812130006', '18-12-2013', 'NULL', '1', '-', 'PT Arga Solusi Technologies', '1', 'NULL', ''),
	(456, 5001, '1C1G61311018', 'AST-UPS021812130007', '18-12-2013', 'NULL', '1', '-', 'PT Arga Solusi Technologies', '1', 'NULL', ''),
	(457, 5001, '1C1G61311039', 'AST-UPS022012130008', '20-12-2013', 'NULL', '1', '-', 'PT Arga Solusi Technologies', '1', 'NULL', ''),
	(458, 6001, 'CN035MW01P', 'AST-SW012511100001', '25-11-2010', 'NULL', '1', 'untuk SIMBOX', 'PT Arga Solusi Technologies', '1', 'NULL', ''),
	(459, 6002, 'SGH102XN6H', 'AST-HPSRV0102110001', '01-02-2011', '16-03-2011', '3', 'GRP', 'PT. XL Axiata Tbk', '1', '055/DO-AST/III/2011', '-'),
	(460, 6002, 'SGH102XN6J', 'AST-HPSRV0102110002', '01-02-2011', 'NULL', '3', 'GRP', 'PT Telkomsel Buaran', '1', 'NULL', ''),
	(461, 7001, '515082', 'AST-MDP012007110001', '20-07-2011', 'NULL', '1', '-', 'PT Arga Solusi Technologies', '1', 'NULL', ''),
	(462, 9002, 'S0331A00555', 'AST-PS010907120001', '09-07-2012', '10-07-2012', '6', 'Replace for WLU Yogyakarta HCPT', 'HCPT Yogyakarta', '1', '-', '2113090712175'),
	(463, 9002, 'S9411900182', 'AST-PS012807110002', '28-07-2011', '13-09-2011', '6', 'Replace for CLU Purwakarta XL', 'PT XL Axiata', '1', '-', '2101130911108'),
	(464, 9002, 'S8231400331', 'AST-PS012807110003', '28-07-2011', 'NULL', '3', 'dipasang di WLU10 telkomsel', 'Telkomsel', '1', 'NULL', ''),
	(465, 9002, 'S8381400203', 'AST-PS012807110004', '28-07-2011', 'NULL', '3', 'Replace for CLU Batam XL', 'PT Arga Solusi Technologies', '1', 'NULL', ''),
	(466, 9002, 'CQ04A20970095', 'AST-PS011010200005', '10-10-20', 'NULL', '3', '-', 'PT Arga Solusi Technologies', '1', 'NULL', ''),
	(467, 9002, 'CR03A20050567', 'AST-PS010608120006', '06-08-2012', 'NULL', '1', '-', 'PT Arga Solusi Technologies', '1', 'NULL', ''),
	(468, 9002, 'CR03A20050722', 'AST-PS011712200007', '17-12-20', 'NULL', '1', '-', 'PT Arga Solusi Technologies', '1', 'NULL', ''),
	(469, 9002, 'CR03A20050880', 'AST-PS010802130008', '08-02-2013', 'NULL', '1', 'replacement XL', 'PT Arga Solusi Technologies', '1', 'NULL', ''),
	(470, 9003, '359227000200515', '-1907120001', '19-07-2012', 'NULL', '4', 'MC 8755V', 'PT Arga Solusi Technologies', '1', 'NULL', 'NULL'),
	(471, 9003, '353626020741240', '-0907120002', '09-07-2012', 'NULL', '4', 'MC 8790V', 'PT Arga Solusi Technologies', '1', 'NULL', ''),
	(472, 9003, '359227000200507', '-0907120003', '09-07-2012', 'NULL', '4', 'MC 8755V', 'PT Arga Solusi Technologies', '1', 'NULL', ''),
	(473, 9003, '3526790143', '-0907120004', '09-07-2012', 'NULL', '4', 'MC 8755V', 'PT Arga Solusi Technologies', '2', 'NULL', ''),
	(474, 9003, '353626020753747', '-0907120005', '09-07-2012', 'NULL', '4', 'MC 8790V', 'PT Arga Solusi Technologies', '1', 'NULL', ''),
	(475, 9003, '398706-051', 'AST-RAM1102140006', '11-02-2014', 'NULL', '2', '1Gb', 'PT Arga Solusi Technologies', '1', 'NULL', ''),
	(476, 9003, 'RB82A4LXVXQ338', 'AST-RAM1102140007', '11-02-2014', 'NULL', '1', '1Gb', 'PT Arga Solusi Technologies', '2', 'NULL', ''),
	(477, 9003, 'RB82A4LXVXQ32T', 'AST-RAM1102140008', '11-02-2014', 'NULL', '1', '1Gb', 'PT Arga Solusi Technologies', '2', 'NULL', ''),
	(478, 9003, 'RB82A4LXVXQ337', 'AST-RAM1102140009', '11-02-2014', 'NULL', '1', '1Gb', 'PT Arga Solusi Technologies', '2', 'NULL', ''),
	(479, 9003, 'RB82A4LXVXQ32R', 'AST-RAM1102140010', '11-02-2014', 'NULL', '1', '1Gb', 'PT Arga Solusi Technologies', '2', 'NULL', ''),
	(480, 9003, '3X09640196S', 'AST-RAM1102140011', '11-02-2014', 'NULL', '1', '2Gb', 'PT Arga Solusi Technologies', '2', 'NULL', ''),
	(481, 9003, '3X09640196R', 'AST-RAM1102140012', '11-02-2014', 'NULL', '1', '2Gb', 'PT Arga Solusi Technologies', '2', 'NULL', ''),
	(482, 9001, 'S12TJDQB334900', 'AST-HDD012107110001', '21-07-2011', '24-08-2011', '6', 'Replace for CLU Bogor XL', 'PT XL', '2', '-', '2101160811100'),
	(483, 9001, 'S12TJDQB334877', 'AST-HDD012107110002', '21-07-2011', '11-10-2011', '6', 'Replace for CLU Jambi XL', 'PT XL', '2', '-', '2040100095'),
	(484, 9001, 'S12TJDQB334880', 'AST-HDD012107110003', '21-07-2011', '11-10-2011', '6', 'replace CLU Medan HCPT', 'HCPT', '2', 'NULL', '2040500083'),
	(485, 9001, 'S12TJDQB334881', 'AST-HDD012107110004', '21-07-2011', '28-03-2012', '3', 'fsck failed. bekas LU id-04', 'Keynote SIGOS', '1', '055/PL-AST/III/2012', '-'),
	(486, 9001, 'S12TJDQB334882', 'AST-HDD012107110005', '21-07-2011', 'NULL', '3', 'CLU MM HCPT', 'Menara Mulia', '2', 'NULL', ''),
	(487, 9001, 'S12TJDRZ923637', 'AST-HDD012807110006', '28-07-2011', 'NULL', '1', 'spare arga (OLD HDD)', 'PT Arga Solusi Technologies', '2', 'NULL', ''),
	(488, 9001, 'S12TJDRZA25848', 'AST-HDD012807110007', '28-07-2011', '22-10-2012', '6', 'replacment WLU Yogyakarta HCPT', 'HCPT', '2', '-', '2113031012205'),
	(489, 9001, 'S12TJDRZ923621', 'AST-HDD012807110008', '28-07-2011', '01-01-2012', '6', 'digunakan untuk CLU Purwakarta XL', 'PT XL', '1', '-', '2101010212144'),
	(490, 9001, 'S12TJDRZA25872', 'AST-HDD012807110009', '28-07-2011', '04-12-2012', '3', 'Replace for CLU Balikpapan HCPT', 'HCPT Balikpapan', '1', '110/FR-AST/VII/2012', '2113290612170'),
	(491, 9001, 'S12TJDRZ412039', 'AST-HDD012807110010', '28-07-2011', 'NULL', '4', 'ex wlu Makassar HCPT', 'PT Arga Solusi Technologies', '2', 'NULL', ''),
	(492, 9001, 'S12TJDQZA23826', 'AST-HDD012807110011', '28-07-2011', 'NULL', '3', 'Old HDD ex simmux sx-id01', 'Keynote SIGOS', '1', '1900266885', ''),
	(493, 9001, 'S12TJD0SB69898', 'AST-HDD010709110012', '07-09-2011', 'NULL', '3', 'Old HDD, fsck failed error', 'Keynote SIGOS', '1', '251/PL-AST/IX/2011', ''),
	(494, 9001, 'S15HJD0PB26712', 'AST-HDD011209110013', '12-09-2011', 'NULL', '3', 'CLU Bogor XL HDD restart will send to SIGOS', 'Keynote SIGOS', '1', '251/PL-AST/IX/2011', ''),
	(495, 9001, 'S15HJD0PB26710', 'AST-HDD011209110014', '12-09-2011', 'NULL', '3', 'CLU Jambi XL Filesystem Corrupt will send to SIGOS', 'Keynote SIGOS', '1', '251/PL-AST/IX/2011', ''),
	(496, 9001, 'S12TJ1LB758840', 'AST-HDD011010110015', '10-10-2011', 'NULL', '1', 'for CLU Manado HCPT', 'PT Arga Solusi Technologies', '1', 'NULL', ''),
	(497, 9001, 'S1QAJD0Q944288', 'AST-HDD011209110016', '12-09-2011', '13-09-2011', '3', 'CLU Medan HCPT Booting Failure will send to SIGOS', 'Keynote SIGOS Germany', '1', '-', '2040500083'),
	(498, 9001, 'S12TJ1LB758860', 'AST-HDD011010110017', '10-10-2011', 'NULL', '3', 'Replace for WLU Medan HCPT', 'PT Arga Solusi Technologies', '1', 'NULL', ''),
	(499, 9001, 'S12TJ1LB758835', 'AST-HDD011010110018', '10-10-2011', 'NULL', '3', 'Replace for Global Roamer', 'PT Arga Solusi Technologies', '1', 'NULL', ''),
	(500, 9001, 'S12TJ1LB758833', 'AST-HDD011010110019', '10-10-2011', 'NULL', '1', 'OLD Harddisk Spare', 'PT Arga Solusi Technologies', '1', 'NULL', ''),
	(501, 9001, 'S12TJ1LB758861', 'AST-HDD011010110020', '10-10-2011', 'NULL', '1', 'Harddisk Simserver sx-id01 HDD', 'PT Arga Solusi Technologies', '1', '-', '-'),
	(502, 9001, 'S12TJDRZ923642', 'AST-HDD012810110021', '28-10-2011', 'NULL', '3', 'Replace for CLU Renon Telkomsel', 'PT Berca', '1', '321/FR-AST/XI/2011', '2104181011115'),
	(503, 9001, 'S12SJD0Q102106', 'AST-HDD010311110022', '03-11-2011', 'NULL', '3', 'Harddisk CLU Renon Telkomsel Broken', 'Keynote SIGOS Germany', '1', '-', '2112281011122'),
	(504, 9001, 'S12TJ1LB758821', 'AST-HDD012612120023', '26-12-2012', '28-03-2012', '6', 'replace LU Jakarta Isat', 'PT Indosat', '1', 'NULL', '2102260312151'),
	(505, 9001, 'S1QAJD0QA11000', 'AST-HDD011711110024', '17-11-2011', '23-11-2012', '6', 'replace for CLU Aceh HCPT', 'HCPT', '2', 'NULL', '2113161012213'),
	(506, 9001, 'S12TJ1LB770117', 'AST-HDD011512110025', '15-12-2011', 'NULL', '3', 'replacment WLU Medan HCPT', 'HCPT Medan', '2', 'NULL', ''),
	(507, 9001, 'S12TJ1LB765460', 'AST-HDD010803120026', '08-03-2012', 'NULL', '3', 'LU id-04', 'PT Arga Solusi Technologies', '2', 'NULL', '-'),
	(508, 9001, 'S12SJD0Q308924', 'AST-HDD010803120027', '08-03-2012', 'NULL', '3', 'Replace for HDD wlu yogyakarta', 'XL Yogyakarta', '2', 'NULL', ''),
	(509, 9001, 'XHE8GMRM', 'AST-HDD010803120028', '08-03-2012', 'NULL', '3', 'Replace for CLU Renon Berca Telkomsel', 'Berca Telkomsel (Renon)', '1', '101/FR-AST/VI/2012', ''),
	(510, 9001, 'S12SJD0Q607356', 'AST-HDD010803120029', '08-03-2012', 'NULL', '4', 'Spare Arga', 'PT Arga Solusi Technologies', '2', 'NULL', ''),
	(511, 9001, 'S12TJ1LB828855', 'AST-HDD011906120030', '19-06-2012', 'NULL', '3', 'for Global roamer id01', 'PT Arga Solusi Technologies', '1', 'NULL', ''),
	(512, 9001, 'S12TJ1LB934137', 'AST-HDD012106120031', '21-06-2012', 'NULL', '2', 'lu-id04. unknown password', 'PT Arga Solusi Technologies', '2', 'NULL', ''),
	(513, 9001, 'S12TJ1LB933597', 'AST-HDD012607120032', '26-07-2012', 'NULL', '3', 'CLU Pontianak Indosat', 'PT Indosat', '2', 'NULL', ''),
	(514, 9001, 'S12TJ1LB934107', 'AST-HDD012607120033', '26-07-2012', '14-11-2012', '6', 'replacment CLU Banjarmasin HCPT', 'HCPT', '2', '-', '2113161012215'),
	(515, 9001, 'S12TJ1LB828854', 'AST-HDD012607120034', '26-07-2012', '08-02-2013', '3', 'Rusak clu Palembang', 'Keynote SIGOS Germany', '2', 'NULL', ' 2113290113273 '),
	(516, 9001, 'HXE0LVZM', 'AST-HDD012607120035', '26-07-2012', 'NULL', '2', 'no trace', '-', '2', 'NULL', ''),
	(517, 9001, 'S1QAJD0QB37100', 'AST-HDD012607120036', '26-07-2012', '12-04-2016', '6', 'WLU Telkomsel Bandung', 'WLU Telkomsel Bandung', '2', 'NULL', '2115110416532'),
	(518, 9001, 'S12TJ1LB934126', 'AST-HDD013011120037', '30-11-2012', '21-04-2014', '6', 'replace CLU Medan HCPT', 'HCPT', '2', 'NULL', '2113100414355'),
	(519, 9001, 'S12TJ1LB934113', 'AST-HDD012210120038', '22-10-2012', 'NULL', '1', 'Spare Arga', 'PT Arga Solusi Technologies', '2', 'NULL', ''),
	(520, 9001, 'S12TJDRZ322889', 'AST-HDD012410120039', '24-10-2012', 'NULL', '4', 'ex CLU Balikpapan XL', 'PT Arga Solusi Technologies', '2', 'NULL', ''),
	(521, 9001, 'S12TJ1LB933587', 'AST-HDD400909140040', '09-09-2014', 'NULL', '3', 'CLU Denpasar Indosat', 'PT Indosat', '2', 'NULL', ''),
	(522, 9001, 'S12TJX0BA01800', 'AST-HDD411101200041', '11-01-20', 'NULL', '3', 'dipakai CLU Palembang', 'HCPT Palembang', '1', 'NULL', ''),
	(523, 9001, 'S12TH1LB933598', 'AST-HDD422612120042', '26-12-2012', 'NULL', '3', 'lu jakarta', 'PT Indosat Tbk', '1', 'NULL', ''),
	(524, 9001, 'WXA1C42L3157', 'AST-HDD432611120043', '26-11-2012', 'NULL', '1', 'HDD spare', 'PT Arga Solusi Technologies', '2', '-', '-'),
	(525, 9001, 'S12TJ1LB934114', 'AST-HDD012503140044', '25-03-2014', 'NULL', '4', 'HDD Spare', 'PT Arga Solusi Technologies', '2', 'NULL', ''),
	(526, 9001, 'S12TJD0S609939', 'AST-HDD46-0045', 'NULL', '25-01-2013', '6', 'replace for CLU Bandung XL', 'PT XL', '2', '-', '2101160113266'),
	(527, 9001, 'S1QAJD0Q939885', 'AST-HDD461812130046', '18-12-2013', '26-03-2016', '6', 'HDD Spare', 'WLU Semarang Telkomsel', '2', '-', '2115240316531'),
	(528, 9001, 'S12TJ1LB934101', 'AST-HDD473011120047', '30-11-2012', 'NULL', '3', 'DEMO ARGA JAKARTA 4', 'PT Arga Solusi Technologies', '2', 'NULL', ''),
	(529, 9001, 'S12TJDRZ923611', 'AST-HDD462812200048', '28-12-20', '15-01-2014', '6', 'CLU Purwakarta XL', 'PT XL Axiata', '2', '-', ' 2101080114350 '),
	(530, 9001, 'S12TJD0SB70301', 'AST-HDD472812200049', '28-12-20', '04-06-2013', '6', 'replace site clu Denpasar HCPT', 'HCPT', '2', '-', ' 2113240513305 '),
	(531, 9001, 'S15HJD0PB26723', 'AST-HDD011701130050', '17-01-2013', '04-03-2013', '3', 'CLU bandung broken kernel panic', 'Keynote SIGOS Germany', '2', '-', ' 2101290113276 '),
	(532, 9001, 'XHD7B3AM', 'AST-HDD48-0051', 'NULL', 'NULL', '3', 'HDD LU id01 for Global Roamer', 'PT Arga Solusi Technologies', '2', 'NULL', ''),
	(533, 9001, 'WX81A9176907', 'AST-HDD010802130052', '08-02-2013', 'NULL', '1', 'HDD spare', 'PT Arga Solusi Technologies', '1', '-', '-'),
	(534, 9001, 'GJG0MMVH', 'AST-HDD010703200053', '07-03-20', 'NULL', '4', 'HDD Spare', 'PT Arga Solusi Technologies', '2', '-', '-'),
	(535, 9001, 'WX31C42P3249', 'AST-HDD010703200054', '07-03-20', 'NULL', '1', 'Spare Arga', 'PT Arga Solusi Technologies', '2', 'NULL', ''),
	(536, 9001, 'WX51C42P2467', 'AST-HDD480703200055', '07-03-20', 'NULL', '2', 'salah masukin serial', '-', '2', 'NULL', ''),
	(537, 9001, 'WX51C42T0756', 'AST-HDD480703200056', '07-03-20', 'NULL', '3', 'wluBandara2D', 'Bandara Soetta', '2', 'NULL', ''),
	(538, 9001, 'WXA1A9195553', 'AST-HDD480703200057', '07-03-20', 'NULL', '3', 'wluBandara2E', 'Bandara Soetta', '2', 'NULL', ''),
	(539, 9001, 'S1QAJD0Q940026', 'AST-0480706200058', '07-06-20', '29-08-2014', '6', 'WLU Ambon XL', 'PT XL Axiata', '2', '-', ' 2101280814381 '),
	(540, 9001, 'WX31C42P2467', 'AST0703130059', '07-03-2013', 'NULL', '4', 'Spare Arga', 'PT Arga Solusi Technologies', '2', 'NULL', ''),
	(541, 9001, 'S12TJD0SB70311', 'AST-HDD010207130060', '02-07-2013', '09-07-2013', '6', 'Replace WLU Pekanbaru', 'Telkomsel', '1', '-', '2115020713308'),
	(542, 9001, 'XHE0LVZM', 'AST-0480508200061', '05-08-20', 'NULL', '1', 'Spare Arga', 'PT Arga Solusi Technologies', '2', 'NULL', ''),
	(543, 9001, 'S12SJD0Q501902', 'AST-HDD012110130062', '21-10-2013', 'NULL', '1', 'Spare HDD', 'PT Arga Solusi Technologies', '2', 'NULL', '-'),
	(544, 9001, 'S12SJD0Q501078', 'AST-HDD011311130063', '13-11-2013', 'NULL', '2', 'Spare HDD NOK', 'PT Arga Solusi Technologies', '2', 'NULL', '-'),
	(545, 9001, 'S12SJD0Q501083', 'AST-HDD011311130064', '13-11-2013', 'NULL', '1', 'for wluYogyakarta HCPT', 'PT Arga Solusi Technologies', '2', 'NULL', ''),
	(546, 9001, 'GJGOMMVH', 'AST-HDD012011130065', '20-11-2013', 'NULL', '1', 'Spare Arga', 'PT Arga Solusi Technologies', '2', 'NULL', ''),
	(547, 9001, 'S12TJDR2923611', 'AST-HDD462812200066', '28-12-20', 'NULL', '3', 'CLU Purwakarta XL', 'PT XL Axiata', '2', 'NULL', ''),
	(548, 9001, 'S12SJD0Q606827', 'AST-HDD011407080067', '14-07-2008', 'NULL', '4', 'CLU 3.0.1 kernel-16', 'PT Arga Solusi Technologies', '2', 'NULL', ''),
	(549, 9001, 'S12TJDRZ200863', 'AST-HDD010503140068', '05-03-2014', 'NULL', '4', 'CLU demo jakarta_3', 'PT Arga Solusi Technologies', '2', 'NULL', ''),
	(550, 9001, 'XHDJGELM', 'AST-HDD011810060069', '18-10-2006', 'NULL', '4', 'ex CLU 3G Jakarta Excelcom image 2.1', 'PT Arga Solusi Technologies', '2', 'NULL', ''),
	(551, 9001, 'GJGKD3UT', 'AST-HDD010603140070', '06-03-2014', 'NULL', '4', 'HDD Ex-CLU Graha XL', 'PT Arga Solusi Technologies', '1', 'NULL', ''),
	(552, 9001, 'S12TJDSZ206925', 'AST-HDD011903140071', '19-03-2014', 'NULL', '4', 'clu 3.0.1 kernel-16', 'PT Arga Solusi Technologies', '2', 'NULL', ''),
	(553, 9001, 'S15HJD0PB34906', 'AST-HDD010512070072', '05-12-2007', 'NULL', '1', 'HDD Spare', 'PT Arga Solusi Technologies', '2', 'NULL', '-'),
	(554, 9001, 'S12SJD0Q50192', 'AST-HDD011205140073', '12-05-2014', 'NULL', '3', 'replacement CLU Aceh', 'HCPT', '2', 'NULL', ''),
	(555, 9001, 'SFGKA82H', 'AST-HDD010306140074', '03-06-2014', 'NULL', '3', 'harddisk CLU Surabaya XL', 'Surabaya', '1', 'NULL', ''),
	(556, 9001, 'S12TJD0SB70318', 'AST-HDD010909140075', '09-09-2014', 'NULL', '3', 'CLU Medan HCPT', 'PT Arga Solusi Technologies', '2', 'NULL', ''),
	(557, 9001, 'S12SJD0Q314734', 'AST-HDD010909140076', '09-09-2014', 'NULL', '3', 'CLU Palembang Indosat', 'PT Indosat', '2', 'NULL', ''),
	(558, 9001, 'B064C11E280001', 'AST-HDD012310140077', '23-10-2014', 'NULL', '1', 'HDD Pengganti dari SIGOS untuk CLU Palembang Indosat', 'PT Arga Solusi Technologies', '1', 'NULL', ''),
	(559, 1003, '7271', 'AST-ETH04022312080001', '23-12-2008', 'NULL', '3', '-', 'PT Smart Telecom', '1', 'NULL', ''),
	(560, 1003, '7272', 'AST-ETH04022312080002', '23-12-2008', 'NULL', '3', '-', 'PT Smart Telecom', '1', 'NULL', ''),
	(561, 1003, '7273', 'AST-ETH04012312080003', '23-12-2008', 'NULL', '3', '-', 'PT Mediatron', '1', 'NULL', ''),
	(562, 1003, '7274', 'AST-ETH04012312080004', '23-12-2008', 'NULL', '3', '-', 'PT Mediatron', '1', 'NULL', ''),
	(563, 1003, '8340A', 'AST-ETH04012312080005', '23-12-2008', 'NULL', '3', '-', 'PT Mediatron', '1', 'NULL', ''),
	(564, 1003, '8341A', 'AST-ETH04012312080006', '23-12-2008', 'NULL', '3', '-', 'PT Mediatron', '1', 'NULL', ''),
	(565, 1003, '8342A', 'AST-ETH04012312080007', '23-12-2008', 'NULL', '1', '-', 'PT Arga Solusi Technologies', '3', 'NULL', ''),
	(566, 1003, '8343A', 'AST-ETH04012312080008', '23-12-2008', 'NULL', '1', '-', 'PT Arga Solusi Technologies', '3', 'NULL', ''),
	(567, 1003, '9099', 'AST-ETH04012312080009', '23-12-2008', 'NULL', '1', '-', 'PT Arga Solusi Technologies', '1', 'NULL', ''),
	(568, 1003, '9100', 'AST-ETH04012312080010', '23-12-2008', 'NULL', '2', 'Can not turn on', 'PT Arga Solusi Technologies', '3', 'NULL', ''),
	(569, 1003, '9097', 'AST-ETH04012701090011', '27-01-2009', 'NULL', '1', '-', 'PT Arga Solusi Technologies', '3', 'NULL', ''),
	(570, 1003, '9098', 'AST-ETH04012701090012', '27-01-2009', 'NULL', '1', '-', 'PT Arga Solusi Technologies', '3', 'NULL', ''),
	(571, 1003, '8917', 'AST-ETH04010805090013', '08-05-2009', 'NULL', '2', 'no cable, power bermasalah', 'PT Arga Solusi Technologies', '3', 'NULL', ''),
	(572, 1003, '8918', 'AST-ETH04010805090014', '08-05-2009', 'NULL', '1', '-', 'PT Arga Solusi Technologies', '3', 'NULL', ''),
	(573, 1003, '8915', 'AST-ETH04010805090015', '08-05-2009', 'NULL', '1', '-', 'PT Arga Solusi Technologies', '3', 'NULL', ''),
	(574, 1003, '8916', 'AST-ETH04010805090016', '08-05-2009', 'NULL', '1', '-', 'PT Arga Solusi Technologies', '3', 'NULL', ''),
	(575, 1003, '8910', 'AST-ETH04010805090017', '08-05-2009', 'NULL', '1', '-', 'PT Arga Solusi Technologies', '3', 'NULL', ''),
	(576, 1003, '8911', 'AST-ETH04010805090018', '08-05-2009', 'NULL', '1', '-', 'PT Arga Solusi Technologies', '3', 'NULL', ''),
	(577, 1003, '8912', 'AST-ETH04010805090019', '08-05-2009', 'NULL', '1', '-', 'PT Arga Solusi Technologies', '3', 'NULL', ''),
	(578, 1003, '8909', 'AST-ETH04010805090020', '08-05-2009', 'NULL', '2', 'Input Module Problem, No Cable, No Box', 'PT Arga Solusi Technologies', '3', 'NULL', ''),
	(579, 1003, '8913', 'AST-ETH04010805090021', '08-05-2009', 'NULL', '1', '-', 'PT Arga Solusi Technologies', '3', 'NULL', ''),
	(580, 1003, '8914', 'AST-ETH04010805090022', '08-05-2009', 'NULL', '2', 'lengkap,power bermasalah', 'PT Arga Solusi Technologies', '3', 'NULL', ''),
	(581, 1003, '8821', 'AST-ETH04011607090023', '16-07-2009', 'NULL', '3', '-', 'PT Icon +', '3', 'NULL', ''),
	(582, 1003, '8822', 'AST-ETH04011607090024', '16-07-2009', 'NULL', '3', '-', 'PT Icon +', '3', 'NULL', ''),
	(583, 1003, '8823', 'AST-ETH04011607090025', '16-07-2009', 'NULL', '3', '-', 'PT Mediatron', '3', 'NULL', ''),
	(584, 1003, '8824', 'AST-ETH04011607090026', '16-07-2009', 'NULL', '3', '-', 'PT Mediatron', '3', 'NULL', ''),
	(585, 1003, '8825', 'AST-ETH04011607090027', '16-07-2009', 'NULL', '3', '-', 'PT Mediatron', '3', 'NULL', ''),
	(586, 1003, '8826', 'AST-ETH04011607090028', '16-07-2009', 'NULL', '3', '-', 'PT Mediatron', '3', 'NULL', ''),
	(587, 1003, '8827', 'AST-ETH04011607090029', '16-07-2009', 'NULL', '3', '-', 'PT Mediatron', '3', 'NULL', ''),
	(588, 1003, '8828', 'AST-ETH04011607090030', '16-07-2009', 'NULL', '3', '-', 'PT Mediatron', '3', 'NULL', ''),
	(589, 1003, '8829', 'AST-ETH04011607090031', '16-07-2009', 'NULL', '3', '-', 'PT Mediatron', '3', 'NULL', ''),
	(590, 1003, '8830', 'AST-ETH04011607090032', '16-07-2009', 'NULL', '3', '-', 'PT Mediatron', '3', 'NULL', ''),
	(591, 1003, '8831', 'AST-ETH04011607090033', '16-07-2009', 'NULL', '3', '-', 'PT Mediatron', '3', 'NULL', ''),
	(592, 1003, '8832', 'AST-ETH04011607090034', '16-07-2009', 'NULL', '3', '-', 'PT Mediatron', '3', 'NULL', ''),
	(593, 1003, '8833', 'AST-ETH04011607090035', '16-07-2009', 'NULL', '3', '-', 'PT Mediatron', '3', 'NULL', ''),
	(594, 1003, '8834', 'AST-ETH04011607090036', '16-07-2009', 'NULL', '3', '-', 'PT Mediatron', '3', 'NULL', ''),
	(595, 1003, '8835', 'AST-ETH04011607090037', '16-07-2009', 'NULL', '3', '-', 'PT Mediatron', '3', 'NULL', ''),
	(596, 1003, '8836', 'AST-ETH04011607090038', '16-07-2009', 'NULL', '3', '-', 'PT Mediatron', '3', 'NULL', ''),
	(597, 1003, '8837', 'AST-ETH04011607090039', '16-07-2009', 'NULL', '3', '-', 'PT Mediatron', '3', 'NULL', ''),
	(598, 1003, '8838', 'AST-ETH04011607090040', '16-07-2009', 'NULL', '3', '-', 'PT Mediatron', '3', 'NULL', ''),
	(599, 1003, '8839', 'AST-ETH04011607090041', '16-07-2009', 'NULL', '3', '-', 'PT Mediatron', '3', 'NULL', ''),
	(600, 1003, '8840', 'AST-ETH04011607090042', '16-07-2009', 'NULL', '3', '-', 'PT Mediatron', '3', 'NULL', ''),
	(601, 1003, '8841', 'AST-ETH04011607090043', '16-07-2009', 'NULL', '3', '-', 'PT Mediatron', '3', 'NULL', ''),
	(602, 1003, '8842', 'AST-ETH04011607090044', '16-07-2009', 'NULL', '3', '-', 'PT Mediatron', '3', 'NULL', ''),
	(603, 1003, '8843', 'AST-ETH04011607090045', '16-07-2009', 'NULL', '1', '-', 'PT Arga Solusi Technologies', '3', 'NULL', ''),
	(604, 1003, '8844', 'AST-ETH04011607090046', '16-07-2009', 'NULL', '1', '-', 'PT Arga Solusi Technologies', '3', 'NULL', ''),
	(605, 1003, '8845', 'AST-ETH04011607090047', '16-07-2009', 'NULL', '1', '-', 'PT Arga Solusi Technologies', '3', 'NULL', ''),
	(606, 1003, '8846', 'AST-ETH04011607090048', '16-07-2009', 'NULL', '1', '-', 'PT Arga Solusi Technologies', '3', 'NULL', ''),
	(607, 1003, '8847', 'AST-ETH04011607090049', '16-07-2009', 'NULL', '1', '-', 'PT Arga Solusi Technologies', '3', 'NULL', ''),
	(608, 1003, '8848', 'AST-ETH04011607090050', '16-07-2009', 'NULL', '1', '-', 'PT Arga Solusi Technologies', '3', 'NULL', ''),
	(609, 1003, '8849', 'AST-ETH04011607090051', '16-07-2009', 'NULL', '1', '-', 'PT Arga Solusi Technologies', '3', 'NULL', ''),
	(610, 1003, '8850', 'AST-ETH04011607090052', '16-07-2009', 'NULL', '1', '-', 'PT Arga Solusi Technologies', '3', 'NULL', ''),
	(611, 1003, '8851', 'AST-ETH04011607090053', '16-07-2009', 'NULL', '1', '-', 'PT Arga Solusi Technologies', '3', 'NULL', ''),
	(612, 1003, '8852', 'AST-ETH04011607090054', '16-07-2009', 'NULL', '1', '-', 'PT Arga Solusi Technologies', '3', 'NULL', ''),
	(613, 1003, '8853', 'AST-ETH04011607090055', '16-07-2009', 'NULL', '1', 'Lengkap', 'PT Arga Solusi Technologies', '3', 'NULL', ''),
	(614, 1003, '8854', 'AST-ETH04011607090056', '16-07-2009', 'NULL', '1', 'Lengkap', 'PT Arga Solusi Technologies', '3', 'NULL', ''),
	(615, 1003, '8855', 'AST-ETH04011607090057', '16-07-2009', 'NULL', '1', 'Lengkap', 'PT Arga Solusi Technologies', '3', 'NULL', ''),
	(616, 1003, '8856', 'AST-ETH04011607090058', '16-07-2009', 'NULL', '1', 'Lengkap', 'PT Arga Solusi Technologies', '3', 'NULL', ''),
	(617, 1003, '8857', 'AST-ETH04011607090059', '16-07-2009', 'NULL', '1', '-', 'PT Arga Solusi Technologies', '3', 'NULL', ''),
	(618, 1003, '8858', 'AST-ETH04011607090060', '16-07-2009', 'NULL', '1', '-', 'PT Arga Solusi Technologies', '3', 'NULL', ''),
	(619, 1003, '8859', 'AST-ETH04011607090061', '16-07-2009', 'NULL', '1', '-', 'PT Arga Solusi Technologies', '3', 'NULL', ''),
	(620, 1003, '8860', 'AST-ETH04011607090062', '16-07-2009', 'NULL', '1', '-', 'PT Arga Solusi Technologies', '3', 'NULL', ''),
	(621, 1003, '8861', 'AST-ETH04011607090063', '16-07-2009', 'NULL', '1', '-', 'PT Arga Solusi Technologies', '3', 'NULL', ''),
	(622, 1003, '8862', 'AST-ETH04011607090064', '16-07-2009', 'NULL', '1', '-', 'PT Arga Solusi Technologies', '3', 'NULL', ''),
	(623, 1003, '8863', 'AST-ETH04011607090065', '16-07-2009', 'NULL', '1', '-', 'PT Arga Solusi Technologies', '3', 'NULL', ''),
	(624, 1003, '8864', 'AST-ETH04011607090066', '16-07-2009', 'NULL', '1', '-', 'PT Arga Solusi Technologies', '3', 'NULL', ''),
	(625, 1003, '8865', 'AST-ETH04011607090067', '16-07-2009', 'NULL', '1', '-', 'PT Arga Solusi Technologies', '3', 'NULL', ''),
	(626, 1003, '8866', 'AST-ETH04011607090068', '16-07-2009', 'NULL', '1', '-', 'PT Arga Solusi Technologies', '3', 'NULL', ''),
	(627, 1003, '8867', 'AST-ETH04011607090069', '16-07-2009', 'NULL', '1', '-', 'PT Arga Solusi Technologies', '3', 'NULL', ''),
	(628, 1003, '8868', 'AST-ETH04011607090070', '16-07-2009', 'NULL', '1', '-', 'PT Arga Solusi Technologies', '3', 'NULL', ''),
	(629, 1003, '8869', 'AST-ETH04011607090071', '16-07-2009', '11-01-2013', '3', '11 Januari 2013', 'Indopratama Teleglobal', '3', '021/DO-AST/I/2013', '-'),
	(630, 1003, '8870', 'AST-ETH04011607090072', '16-07-2009', '11-01-2013', '3', '11 Januari 2013', 'Indopratama Teleglobal', '3', '021/DO-AST/I/2013', '-'),
	(631, 1003, '8871', 'AST-ETH04011607090073', '16-07-2009', '11-01-2013', '3', '11 Januari 2013', 'Indopratama Teleglobal', '3', '021/DO-AST/I/2013', '-'),
	(632, 1003, '8872', 'AST-ETH04011607090074', '16-07-2009', '11-01-2013', '3', '11 Januari 2013', 'Indopratama Teleglobal', '3', '021/DO-AST/I/2013', '-'),
	(633, 1003, '8873', 'AST-ETH04011607090075', '16-07-2009', '26-07-2015', '3', '-', 'PT Sampoerna Telekom Graha Mobisel', '3', '181/DO-AST/VII/2011', '-'),
	(634, 1003, '8874', 'AST-ETH04011607090076', '16-07-2009', '26-07-2015', '3', '-', 'PT Sampoerna Telekom Graha Mobisel', '3', '181/DO-AST/VII/2011', '-'),
	(635, 1003, '8875', 'AST-ETH04011607090077', '16-07-2009', '26-07-2015', '3', '-', 'PT Sampoerna Telekom Graha Mobisel', '3', '181/DO-AST/VII/2011', '-'),
	(636, 1003, '8876', 'AST-ETH04011607090078', '16-07-2009', '26-07-2015', '3', '-', 'PT Sampoerna Telekom Graha Mobisel', '3', '181/DO-AST/VII/2011', '-'),
	(637, 1003, '8877', 'AST-ETH04011607090079', '16-07-2009', 'NULL', '1', '-', 'PT Arga Solusi Technologies', '3', 'NULL', ''),
	(638, 1003, '8878', 'AST-ETH04011607090080', '16-07-2009', 'NULL', '2', 'No Cable, No Box', 'PT Arga Solusi Technologies', '3', 'NULL', ''),
	(639, 1003, '8879', 'AST-ETH04011607090081', '16-07-2009', 'NULL', '1', '-', 'PT Arga Solusi Technologies', '3', 'NULL', ''),
	(640, 1003, '8880', 'AST-ETH04011607090082', '16-07-2009', 'NULL', '1', '-', 'PT Arga Solusi Technologies', '3', 'NULL', ''),
	(641, 1003, '8881', 'AST-ETH04011607090083', '16-07-2009', 'NULL', '1', '-', 'PT Arga Solusi Technologies', '3', 'NULL', ''),
	(642, 1003, '8882', 'AST-ETH04011607090084', '16-07-2009', 'NULL', '1', '-', 'PT Arga Solusi Technologies', '3', 'NULL', ''),
	(643, 1003, '8883', 'AST-ETH04011607090085', '16-07-2009', 'NULL', '1', '-', 'PT Arga Solusi Technologies', '3', 'NULL', ''),
	(644, 1003, '8884', 'AST-ETH04011607090086', '16-07-2009', 'NULL', '1', '-', 'PT Arga Solusi Technologies', '3', 'NULL', ''),
	(645, 1003, '8885', 'AST-ETH04011607090087', '16-07-2009', 'NULL', '1', '-', 'PT Arga Solusi Technologies', '3', 'NULL', ''),
	(646, 1003, '8886', 'AST-ETH04011607090088', '16-07-2009', 'NULL', '1', '-', 'PT Arga Solusi Technologies', '3', 'NULL', ''),
	(647, 1003, '8887', 'AST-ETH04011607090089', '16-07-2009', 'NULL', '1', '-', 'PT Arga Solusi Technologies', '3', 'NULL', ''),
	(648, 1003, '8888', 'AST-ETH04011607090090', '16-07-2009', 'NULL', '1', '-', 'PT Arga Solusi Technologies', '3', 'NULL', ''),
	(649, 1003, '8889', 'AST-ETH04011607090091', '16-07-2009', 'NULL', '1', 'Lengkap', 'PT Arga Solusi Technologies', '3', 'NULL', ''),
	(650, 1003, '8890', 'AST-ETH04011607090092', '16-07-2009', 'NULL', '1', 'Lengkap', 'PT Arga Solusi Technologies', '3', 'NULL', ''),
	(651, 1003, '8891', 'AST-ETH04011607090093', '16-07-2009', 'NULL', '1', 'Lengkap', 'PT Arga Solusi Technologies', '3', 'NULL', ''),
	(652, 1003, '8892', 'AST-ETH04011607090094', '16-07-2009', 'NULL', '1', 'Lengkap', 'PT Arga Solusi Technologies', '3', 'NULL', ''),
	(653, 1003, '8919', 'AST-ETH04011607090095', '16-07-2009', 'NULL', '1', '-', 'PT Arga Solusi Technologies', '3', 'NULL', ''),
	(654, 1003, '8920', 'AST-ETH04011607090096', '16-07-2009', 'NULL', '1', '-', 'PT Arga Solusi Technologies', '3', 'NULL', ''),
	(655, 1003, '8257A', 'AST-ETH04011607090097', '16-07-2009', 'NULL', '1', '-', 'PT Arga Solusi Technologies', '3', 'NULL', ''),
	(656, 1003, '8258A', 'AST-ETH04011607090098', '16-07-2009', 'NULL', '1', '-', 'PT Arga Solusi Technologies', '3', 'NULL', ''),
	(657, 1003, '8259A', 'AST-ETH04011607090099', '16-07-2009', 'NULL', '1', '-', 'PT Arga Solusi Technologies', '3', 'NULL', ''),
	(658, 1003, '8260A', 'AST-ETH04011607090100', '16-07-2009', 'NULL', '1', '-', 'PT Arga Solusi Technologies', '3', 'NULL', ''),
	(659, 1003, '8261A', 'AST-ETH04011607090101', '16-07-2009', 'NULL', '1', '-', 'PT Arga Solusi Technologies', '3', 'NULL', ''),
	(660, 1003, '8262A', 'AST-ETH04011607090102', '16-07-2009', 'NULL', '1', '-', 'PT Arga Solusi Technologies', '3', 'NULL', ''),
	(661, 1003, '8263A', 'AST-ETH04011607090103', '16-07-2009', 'NULL', '1', '-', 'PT Arga Solusi Technologies', '3', 'NULL', ''),
	(662, 1003, '8264A', 'AST-ETH04011607090104', '16-07-2009', 'NULL', '1', '-', 'PT Arga Solusi Technologies', '3', 'NULL', ''),
	(663, 1003, '8265A', 'AST-ETH04011607090105', '16-07-2009', 'NULL', '1', '-', 'PT Arga Solusi Technologies', '3', 'NULL', ''),
	(664, 1003, '8266A', 'AST-ETH04011607090106', '16-07-2009', 'NULL', '1', '-', 'PT Arga Solusi Technologies', '3', 'NULL', ''),
	(665, 1003, '8267A', 'AST-ETH04011607090107', '16-07-2009', '15-03-2011', '3', '-', 'PT Sampoerna Telecom', '3', '054/DO-AST/III/2011', '-'),
	(666, 1003, '8268A', 'AST-ETH04011607090108', '16-07-2009', '15-03-2011', '3', '-', 'PT Sampoerna Telecom', '3', '054/DO-AST/III/2011', '-'),
	(667, 1003, '8269A', 'AST-ETH04011607090109', '16-07-2009', '15-03-2011', '3', '-', 'PT Sampoerna Telecom', '3', '054/DO-AST/III/2011', '-'),
	(668, 1003, '8270A', 'AST-ETH04011607090110', '16-07-2009', '15-03-2011', '3', '-', 'PT Sampoerna Telecom', '3', '054/DO-AST/III/2011', '-'),
	(669, 1003, '8271A', 'AST-ETH04011607090111', '16-07-2009', '15-03-2011', '3', '-', 'PT Sampoerna Telecom', '3', '054/DO-AST/III/2011', '-'),
	(670, 1003, '8272A', 'AST-ETH04011607090112', '16-07-2009', '15-03-2011', '3', '-', 'PT Sampoerna Telecom', '3', '054/DO-AST/III/2011', '-'),
	(671, 1003, '8273A', 'AST-ETH04011607090113', '16-07-2009', '15-03-2011', '3', '-', 'PT Sampoerna Telecom', '3', '054/DO-AST/III/2011', '-'),
	(672, 1003, '8274A', 'AST-ETH04011607090114', '16-07-2009', '15-03-2011', '3', '-', 'PT Sampoerna Telecom', '3', '054/DO-AST/III/2011', '-'),
	(673, 1003, '8275A', 'AST-ETH04011607090115', '16-07-2009', 'NULL', '1', 'No Cable, No Box', 'PT Arga Solusi Technologies', '2', 'NULL', ''),
	(674, 1003, '8276A', 'AST-ETH04011607090116', '16-07-2009', '29-01-2013', '3', '-', 'Ibu Sudiasih Cirebon', '1', '047/SJ-AST/I/2013', '-'),
	(675, 1003, '8277A', 'AST-ETH04011607090117', '16-07-2009', '29-01-2013', '3', '-', 'Ibu Sudiasih Cirebon', '1', '047/SJ-AST/I/2013', '-'),
	(676, 1003, '8278A', 'AST-ETH04011607090118', '16-07-2009', '29-01-2013', '3', '-', 'Ibu Sudiasih Cirebon', '1', '047/SJ-AST/I/2013', '-'),
	(677, 1003, '8279A', 'AST-ETH04011607090119', '16-07-2009', 'NULL', '1', '-', 'PT Arga Solusi Technologies', '3', 'NULL', ''),
	(678, 1003, '8280A', 'AST-ETH04011607090120', '16-07-2009', 'NULL', '1', '-', 'PT Arga Solusi Technologies', '3', 'NULL', ''),
	(679, 1003, '8281A', 'AST-ETH04011607090121', '16-07-2009', 'NULL', '1', '-', 'PT Arga Solusi Technologies', '3', 'NULL', ''),
	(680, 1003, '8282A', 'AST-ETH04011607090122', '16-07-2009', 'NULL', '5', 'E1 error need cheking', 'PT Arga Solusi Technologies', '3', 'NULL', ''),
	(681, 1003, '9760', 'AST-ETH04011607090123', '16-07-2009', 'NULL', '3', '-', 'Ibu Sudiasih Cirebon', '1', 'NULL', ''),
	(682, 1003, '9761', 'AST-ETH04011607090124', '16-07-2009', 'NULL', '3', '-', 'Ibu Sudiasih Cirebon', '1', 'NULL', ''),
	(683, 1003, '9762', 'AST-ETH04011607090125', '16-07-2009', 'NULL', '3', '-', 'Ibu Sudiasih Cirebon', '1', 'NULL', ''),
	(684, 1003, '9763', 'AST-ETH04011607090126', '16-07-2009', 'NULL', '3', '-', 'Ibu Sudiasih Cirebon', '1', 'NULL', ''),
	(685, 1003, '9764', 'AST-ETH04011607090127', '16-07-2009', '26-07-2015', '3', '-', 'PT Sampoerna Telekom Graha Mobisel', '3', '181/DO-AST/VII/2011', '-'),
	(686, 1003, '9765', 'AST-ETH04011607090128', '16-07-2009', '26-07-2015', '3', '-', 'PT Sampoerna Telekom Graha Mobisel', '3', '181/DO-AST/VII/2011', '-'),
	(687, 1003, '9766', 'AST-ETH04011607090129', '16-07-2009', '26-07-2015', '3', '-', 'PT Sampoerna Telekom Graha Mobisel', '3', '181/DO-AST/VII/2011', '-'),
	(688, 1003, '9767', 'AST-ETH04011607090130', '16-07-2009', '26-07-2015', '3', '-', 'PT Sampoerna Telekom Graha Mobisel', '3', '181/DO-AST/VII/2011', '-'),
	(689, 1003, '9768', 'AST-ETH04011607090131', '16-07-2009', 'NULL', '1', '-', 'PT Arga Solusi Technologies', '1', 'NULL', ''),
	(690, 1003, '9769', 'AST-ETH04011607090132', '16-07-2009', 'NULL', '1', 'Lengkap', 'PT Arga Solusi Technologies', '3', 'NULL', ''),
	(691, 1003, '9770', 'AST-ETH04011607090133', '16-07-2009', 'NULL', '1', 'Lengkap', 'PT Arga Solusi Technologies', '3', 'NULL', ''),
	(692, 1003, '9771', 'AST-ETH04011607090134', '16-07-2009', 'NULL', '1', 'Lengkap', 'PT Arga Solusi Technologies', '3', 'NULL', ''),
	(693, 1003, '9772', 'AST-ETH04011607090135', '16-07-2009', '29-01-2013', '3', '-', 'Ibu Sudiasih Cirebon', '1', '047/SJ-AST/I/2013', '-'),
	(694, 1003, '9773', 'AST-ETH04011607090136', '16-07-2009', '29-01-2013', '3', '-', 'Ibu Sudiasih Cirebon', '1', '047/SJ-AST/I/2013', '-'),
	(695, 1003, '9774', 'AST-ETH04011607090137', '16-07-2009', '29-01-2013', '3', '-', 'Ibu Sudiasih Cirebon', '1', '047/SJ-AST/I/2013', '-'),
	(696, 1003, '9775', 'AST-ETH04011607090138', '16-07-2009', 'NULL', '1', '-', 'PT Arga Solusi Technologies', '3', 'NULL', ''),
	(697, 1003, '9776', 'AST-ETH04011607090139', '16-07-2009', '29-01-2013', '3', '-', 'Ibu Sudiasih Cirebon', '1', '047/SJ-AST/I/2013', '-'),
	(698, 1003, '9777', 'AST-ETH04011607090140', '16-07-2009', '29-01-2013', '3', '-', 'Ibu Sudiasih Cirebon', '1', '047/SJ-AST/I/2013', '-'),
	(699, 1003, '9778', 'AST-ETH04011607090141', '16-07-2009', '29-01-2013', '3', '-', 'Ibu Sudiasih Cirebon', '1', '047/SJ-AST/I/2013', '-'),
	(700, 1003, '9779', 'AST-ETH04011607090142', '16-07-2009', '29-01-2013', '3', '-', 'Ibu Sudiasih Cirebon', '1', '047/SJ-AST/I/2013', '-'),
	(701, 1003, '9780', 'AST-ETH04011607090143', '16-07-2009', '02-07-2014', '3', '-', 'PT INDO PRATAMA TELEGLOBAL', '3', '159/DO-AST/VII/2014', '-'),
	(702, 1003, '9781', 'AST-ETH04011607090144', '16-07-2009', '02-07-2014', '3', '-', 'PT INDO PRATAMA TELEGLOBAL', '3', '159/DO-AST/VII/2014', '-'),
	(703, 1003, '9782', 'AST-ETH04011607090145', '16-07-2009', 'NULL', '1', '-', 'PT Arga Solusi Technologies', '3', 'NULL', ''),
	(704, 1003, '9783', 'AST-ETH04011607090146', '16-07-2009', 'NULL', '1', '-', 'PT Arga Solusi Technologies', '3', 'NULL', ''),
	(705, 1003, '9784', 'AST-ETH04011607090147', '16-07-2009', 'NULL', '1', '-', 'PT Arga Solusi Technologies', '3', 'NULL', ''),
	(706, 1003, '9785', 'AST-ETH04011607090148', '16-07-2009', 'NULL', '1', '-', 'PT Arga Solusi Technologies', '3', 'NULL', ''),
	(707, 1003, '9786', 'AST-ETH04011607090149', '16-07-2009', 'NULL', '1', '-', 'PT Arga Solusi Technologies', '3', 'NULL', ''),
	(708, 1003, '9787', 'AST-ETH04011607090150', '16-07-2009', 'NULL', '1', '-', 'PT Arga Solusi Technologies', '3', 'NULL', ''),
	(709, 1003, '9788', 'AST-ETH04011607090151', '16-07-2009', '24-03-2011', '3', '-', 'PT Sampoerna Telecom', '3', '066/DO-AST/III/2011', '-'),
	(710, 1003, '9789', 'AST-ETH04011607090152', '16-07-2009', '24-03-2011', '3', '-', 'PT Sampoerna Telecom', '3', '066/DO-AST/III/2011', '-'),
	(711, 1003, '9790', 'AST-ETH04011607090153', '16-07-2009', '24-03-2011', '3', '-', 'PT Sampoerna Telecom', '3', '066/DO-AST/III/2011', '-'),
	(712, 1003, '9791', 'AST-ETH04011607090154', '16-07-2009', '24-03-2011', '3', '-', 'PT Sampoerna Telecom', '3', '066/DO-AST/III/2011', '-'),
	(713, 1003, '9792', 'AST-ETH04011607090155', '16-07-2009', 'NULL', '1', '-', 'PT Arga Solusi Technologies', '3', 'NULL', ''),
	(714, 1003, '9793', 'AST-ETH04011607090156', '16-07-2009', 'NULL', '1', '-', 'PT Arga Solusi Technologies', '3', 'NULL', ''),
	(715, 1003, '9794', 'AST-ETH04011607090157', '16-07-2009', 'NULL', '1', '-', 'PT Arga Solusi Technologies', '3', 'NULL', ''),
	(716, 1003, '9795', 'AST-ETH04011607090158', '16-07-2009', 'NULL', '1', '-', 'PT Arga Solusi Technologies', '3', 'NULL', ''),
	(717, 1003, '9796', 'AST-ETH04011607090159', '16-07-2009', 'NULL', '1', '-', 'PT Arga Solusi Technologies', '3', 'NULL', ''),
	(718, 1003, '9797', 'AST-ETH04011607090160', '16-07-2009', 'NULL', '1', '-', 'PT Arga Solusi Technologies', '3', 'NULL', ''),
	(719, 1003, '9798', 'AST-ETH04011607090161', '16-07-2009', 'NULL', '1', '-', 'PT Arga Solusi Technologies', '3', 'NULL', ''),
	(720, 1003, '9799', 'AST-ETH04011607090162', '16-07-2009', 'NULL', '1', '-', 'PT Arga Solusi Technologies', '3', 'NULL', ''),
	(721, 1003, '9800', 'AST-ETH04011607090163', '16-07-2009', 'NULL', '1', '-', 'PT Arga Solusi Technologies', '3', 'NULL', ''),
	(722, 1003, '9801', 'AST-ETH04011607090164', '16-07-2009', 'NULL', '1', '-', 'PT Arga Solusi Technologies', '3', 'NULL', ''),
	(723, 1003, '9802', 'AST-ETH04011607090165', '16-07-2009', '11-01-2013', '3', '11 Januari 2013', 'Indopratama Teleglobal', '3', '021/DO-AST/I/2013', '-'),
	(724, 1003, '9803', 'AST-ETH04011607090166', '16-07-2009', '11-01-2013', '3', '11 Januari 2013', 'Indopratama Teleglobal', '3', '021/DO-AST/I/2013', '-'),
	(725, 1003, '9804', 'AST-ETH04011607090167', '16-07-2009', '24-03-2011', '3', '-', 'PT Sampoerna Telecom', '3', '066/DO-AST/III/2011', '-'),
	(726, 1003, '9805', 'AST-ETH04011607090168', '16-07-2009', '24-03-2011', '3', '-', 'PT Sampoerna Telecom', '3', '066/DO-AST/III/2011', '-'),
	(727, 1003, '9806', 'AST-ETH04011607090169', '16-07-2009', '24-03-2011', '3', '-', 'PT Sampoerna Telecom', '3', '066/DO-AST/III/2011', '-'),
	(728, 1003, '9807', 'AST-ETH04011607090170', '16-07-2009', '24-03-2011', '3', '-', 'PT Sampoerna Telecom', '3', '066/DO-AST/III/2011', '-'),
	(729, 1003, '9808', 'AST-ETH04011607090171', '16-07-2009', 'NULL', '1', 'Lengkap', 'PT Arga Solusi Technologies', '3', 'NULL', ''),
	(730, 1003, '9809', 'AST-ETH04011607090172', '16-07-2009', 'NULL', '1', 'Lengkap', 'PT Arga Solusi Technologies', '3', 'NULL', ''),
	(731, 1003, '9810', 'AST-ETH04011607090173', '16-07-2009', 'NULL', '2', 'No Cable, No Box', 'PT Arga Solusi Technologies', '3', 'NULL', ''),
	(732, 1003, '9811', 'AST-ETH04011607090174', '16-07-2009', 'NULL', '1', 'No Cable, No Box', 'PT Arga Solusi Technologies', '3', 'NULL', ''),
	(733, 1003, '9812', 'AST-ETH04011607090175', '16-07-2009', 'NULL', '2', 'power button error need cheking', 'PT Arga Solusi Technologies', '3', 'NULL', ''),
	(734, 1003, '9813', 'AST-ETH04011607090176', '16-07-2009', '26-07-2015', '3', '-', 'PT Sampoerna Telekom Graha Mobisel', '3', '181/DO-AST/VII/2011', '-'),
	(735, 1003, '9814', 'AST-ETH04011607090177', '16-07-2009', '26-07-2015', '3', '-', 'PT Sampoerna Telekom Graha Mobisel', '3', '181/DO-AST/VII/2011', '-'),
	(736, 1003, '9815', 'AST-ETH04011607090178', '16-07-2009', 'NULL', '2', 'no cable', 'PT Arga Solusi Technologies', '3', 'NULL', ''),
	(737, 1003, '9816', 'AST-ETH04011607090179', '16-07-2009', 'NULL', '1', '-', 'PT Arga Solusi Technologies', '3', 'NULL', ''),
	(738, 1003, '9817', 'AST-ETH04011607090180', '16-07-2009', 'NULL', '1', '-', 'PT Arga Solusi Technologies', '3', 'NULL', ''),
	(739, 1003, '9818', 'AST-ETH04011607090181', '16-07-2009', 'NULL', '2', 'no cable and accessories', 'PT Arga Solusi Technologies', '3', 'NULL', ''),
	(740, 1003, '9819', 'AST-ETH04011607090182', '16-07-2009', 'NULL', '1', '-', 'PT Arga Solusi Technologies', '3', 'NULL', ''),
	(741, 1003, '9820', 'AST-ETH04011607090183', '16-07-2009', '29-01-2013', '3', '-', 'Ibu Sudiasih Cirebon', '1', '047/SJ-AST/I/2013', '-'),
	(742, 1003, '9821', 'AST-ETH04011607090184', '16-07-2009', '29-01-2013', '3', '-', 'Ibu Sudiasih Cirebon', '1', '047/SJ-AST/I/2013', '-'),
	(743, 1003, '9822', 'AST-ETH04011607090185', '16-07-2009', '29-01-2013', '3', '-', 'Ibu Sudiasih Cirebon', '1', '047/SJ-AST/I/2013', '-'),
	(744, 1003, '9823', 'AST-ETH04011607090186', '16-07-2009', '29-01-2013', '3', '-', 'Ibu Sudiasih Cirebon', '1', '047/SJ-AST/I/2013', '-'),
	(745, 1003, '9824', 'AST-ETH04011607090187', '16-07-2009', '29-01-2013', '3', '-', 'Ibu Sudiasih Cirebon', '1', '047/SJ-AST/I/2013', '-'),
	(746, 1003, '9825', 'AST-ETH04011607090188', '16-07-2009', '29-01-2013', '3', '-', 'Ibu Sudiasih Cirebon', '1', '047/SJ-AST/I/2013', '-'),
	(747, 1003, '9826', 'AST-ETH04011607090189', '16-07-2009', 'NULL', '3', '-', 'Ibu Sudiasih Cirebon', '1', 'NULL', ''),
	(748, 1003, '9827', 'AST-ETH04011607090190', '16-07-2009', '29-01-2013', '3', '-', 'Ibu Sudiasih Cirebon', '1', '047/SJ-AST/I/2013', '-'),
	(749, 1003, '9828', 'AST-ETH04011607090191', '16-07-2009', '24-03-2011', '3', '-', 'PT Sampoerna Telecom', '3', '066/DO-AST/III/2011', '-'),
	(750, 1003, '9829', 'AST-ETH04011607090192', '16-07-2009', '24-03-2011', '3', '-', 'PT Sampoerna Telecom', '3', '066/DO-AST/III/2011', '-'),
	(751, 1003, '9830', 'AST-ETH04011607090193', '16-07-2009', '24-03-2011', '3', '-', 'PT Sampoerna Telecom', '3', '066/DO-AST/III/2011', '-'),
	(752, 1003, '9831', 'AST-ETH04011607090194', '16-07-2009', '24-03-2011', '3', '-', 'PT Sampoerna Telecom', '3', '066/DO-AST/III/2011', '-'),
	(753, 1003, '9832', 'AST-ETH04011607090195', '16-07-2009', 'NULL', '1', '-', 'PT Arga Solusi Technologies', '3', 'NULL', ''),
	(754, 1003, '9833', 'AST-ETH04011607090196', '16-07-2009', 'NULL', '2', 'no cable', 'PT Arga Solusi Technologies', '3', 'NULL', ''),
	(755, 1003, '9834', 'AST-ETH04011607090197', '16-07-2009', 'NULL', '1', '-', 'PT Arga Solusi Technologies', '3', 'NULL', ''),
	(756, 1003, '9835', 'AST-ETH04011607090198', '16-07-2009', 'NULL', '2', 'kabel power AC tidak ada', 'PT Arga Solusi Technologies', '3', 'NULL', ''),
	(757, 1003, '9836', 'AST-ETH04011607090199', '16-07-2009', '29-01-2013', '3', '-', 'Ibu Sudiasih Cirebon', '1', '047/SJ-AST/I/2013', '-'),
	(758, 1003, '9837', 'AST-ETH04011607090200', '16-07-2009', '29-01-2013', '3', '-', 'Ibu Sudiasih Cirebon', '1', '047/SJ-AST/I/2013', '-'),
	(759, 1003, '9838', 'AST-ETH04011607090201', '16-07-2009', '29-01-2013', '3', '-', 'Ibu Sudiasih Cirebon', '1', '047/SJ-AST/I/2013', '-'),
	(760, 1003, '9839', 'AST-ETH04011607090202', '16-07-2009', '29-01-2013', '3', '-', 'Ibu Sudiasih Cirebon', '1', '047/SJ-AST/I/2013', '-'),
	(761, 1003, '9840', 'AST-ETH04011607090203', '16-07-2009', 'NULL', '1', '-', 'PT Arga Solusi Technologies', '3', 'NULL', ''),
	(762, 1003, '9841', 'AST-ETH04011607090204', '16-07-2009', 'NULL', '1', '-', 'PT Arga Solusi Technologies', '3', 'NULL', ''),
	(763, 1003, '9842', 'AST-ETH04011607090205', '16-07-2009', 'NULL', '1', '-', 'PT Arga Solusi Technologies', '3', 'NULL', ''),
	(764, 1003, '9843', 'AST-ETH04011607090206', '16-07-2009', 'NULL', '1', '-', 'PT Arga Solusi Technologies', '3', 'NULL', ''),
	(765, 1003, '9844', 'AST-ETH04011607090207', '16-07-2009', '24-03-2011', '3', '-', 'PT Sampoerna Telecom', '3', '066/DO-AST/III/2011', '-'),
	(766, 1003, '9845', 'AST-ETH04011607090208', '16-07-2009', '24-03-2011', '3', '-', 'PT Sampoerna Telecom', '3', '066/DO-AST/III/2011', '-'),
	(767, 1003, '9846', 'AST-ETH04011607090209', '16-07-2009', 'NULL', '1', '-', 'PT Arga Solusi Technologies', '3', 'NULL', ''),
	(768, 1003, '9847', 'AST-ETH04011607090210', '16-07-2009', 'NULL', '1', '-', 'PT Arga Solusi Technologies', '3', 'NULL', ''),
	(769, 1003, '9848', 'AST-ETH04011607090211', '16-07-2009', 'NULL', '1', '-', 'PT Arga Solusi Technologies', '3', 'NULL', ''),
	(770, 1003, '9849', 'AST-ETH04011607090212', '16-07-2009', 'NULL', '1', '-', 'PT Arga Solusi Technologies', '3', 'NULL', ''),
	(771, 1003, '9850', 'AST-ETH04011607090213', '16-07-2009', 'NULL', '1', '-', 'PT Arga Solusi Technologies', '3', 'NULL', ''),
	(772, 1003, '9851', 'AST-ETH04011607090214', '16-07-2009', 'NULL', '1', '-', 'PT Arga Solusi Technologies', '3', 'NULL', ''),
	(773, 1003, '9852', 'AST-ETH04011607090215', '16-07-2009', 'NULL', '1', '-', 'PT Arga Solusi Technologies', '3', 'NULL', ''),
	(774, 1003, '9853', 'AST-ETH04011607090216', '16-07-2009', '29-01-2013', '3', '-', 'Ibu Sudiasih Cirebon', '1', '047/SJ-AST/I/2013', '-'),
	(775, 1003, '9854', 'AST-ETH04011607090217', '16-07-2009', '29-01-2013', '3', '-', 'Ibu Sudiasih Cirebon', '1', '047/SJ-AST/I/2013', '-'),
	(776, 1003, '9855', 'AST-ETH04011607090218', '16-07-2009', '29-01-2013', '3', '-', 'Ibu Sudiasih Cirebon', '1', '047/SJ-AST/I/2013', '-'),
	(777, 1003, '9856', 'AST-ETH04011607090219', '16-07-2009', 'NULL', '1', '-', 'PT Arga Solusi Technologies', '3', 'NULL', ''),
	(778, 1003, '9857', 'AST-ETH04011607090220', '16-07-2009', 'NULL', '3', '-', 'PT Sampoerna Telecom', '3', 'NULL', ''),
	(779, 1003, '9858', 'AST-ETH04011607090221', '16-07-2009', 'NULL', '3', '-', 'PT Sampoerna Telecom', '3', 'NULL', ''),
	(780, 1003, '9859', 'AST-ETH04011607090222', '16-07-2009', 'NULL', '1', '-', 'PT Arga Solusi Technologies', '3', 'NULL', ''),
	(781, 1003, '9860', 'AST-ETH04011607090223', '16-07-2009', 'NULL', '1', '-', 'PT Arga Solusi Technologies', '3', 'NULL', ''),
	(782, 1003, '9861', 'AST-ETH04011607090224', '16-07-2009', 'NULL', '1', '-', 'PT Arga Solusi Technologies', '3', 'NULL', ''),
	(783, 1003, '9862', 'AST-ETH04011607090225', '16-07-2009', 'NULL', '1', '-', 'PT Arga Solusi Technologies', '3', 'NULL', ''),
	(784, 1003, '9863', 'AST-ETH04011607090226', '16-07-2009', 'NULL', '1', '-', 'PT Arga Solusi Technologies', '3', 'NULL', ''),
	(785, 1003, '9962', 'AST-ETH04011607090227', '16-07-2009', '21-01-2013', '1', '-', 'PT Arga Solusi Technologies', '3', '037/DO-AST/I/2013', '-'),
	(786, 1003, '9963', 'AST-ETH04011607090228', '16-07-2009', '21-02-2013', '1', '-', 'PT Arga Solusi Technologies', '3', '037/DO-AST/I/2013', '-'),
	(787, 1003, '9964', 'AST-ETH04011607090229', '16-07-2009', '21-01-2013', '1', '-', 'PT Arga Solusi Technologies', '3', '037/DO-AST/I/2013', '-'),
	(788, 1003, '9965', 'AST-ETH04011607090230', '16-07-2009', '21-01-2013', '1', '-', 'PT Arga Solusi Technologies', '3', '037/DO-AST/I/2013', '-'),
	(789, 1003, '9966', 'AST-ETH04011607090231', '16-07-2009', 'NULL', '1', '-', 'PT Arga Solusi Technologies', '3', 'NULL', ''),
	(790, 1003, '9967', 'AST-ETH04011607090232', '16-07-2009', 'NULL', '1', '-', 'PT Arga Solusi Technologies', '3', 'NULL', ''),
	(791, 1003, '9968', 'AST-ETH04011607090233', '16-07-2009', 'NULL', '1', '-', 'PT Arga Solusi Technologies', '3', 'NULL', ''),
	(792, 1003, '9969', 'AST-ETH04011607090234', '16-07-2009', 'NULL', '1', '-', 'PT Arga Solusi Technologies', '3', 'NULL', ''),
	(793, 1003, '9970', 'AST-ETH04011607090235', '16-07-2009', 'NULL', '1', '-', 'PT Arga Solusi Technologies', '3', 'NULL', ''),
	(794, 1003, '9971', 'AST-ETH04011607090236', '16-07-2009', 'NULL', '2', 'No Cable, No Box', 'PT Arga Solusi Technologies', '3', 'NULL', ''),
	(795, 1003, '9972', 'AST-ETH04011607090237', '16-07-2009', 'NULL', '1', '-', 'PT Arga Solusi Technologies', '3', 'NULL', ''),
	(796, 1003, '9973', 'AST-ETH04011607090238', '16-07-2009', 'NULL', '1', '-', 'PT Arga Solusi Technologies', '3', 'NULL', ''),
	(797, 1003, '9974', 'AST-ETH04011607090239', '16-07-2009', 'NULL', '1', '-', 'PT Arga Solusi Technologies', '3', 'NULL', ''),
	(798, 1003, '9975', 'AST-ETH04011607090240', '16-07-2009', 'NULL', '1', '-', 'PT Arga Solusi Technologies', '3', 'NULL', ''),
	(799, 1003, '9976', 'AST-ETH04011607090241', '16-07-2009', 'NULL', '1', '-', 'PT Arga Solusi Technologies', '3', 'NULL', ''),
	(800, 1003, '9977', 'AST-ETH04011607090242', '16-07-2009', 'NULL', '1', '-', 'PT Arga Solusi Technologies', '3', 'NULL', ''),
	(801, 1003, '8932', '--0243', 'NULL', 'NULL', '1', '-', 'PT Arga Solusi Technologies', '3', 'NULL', ''),
	(802, 2005, '548001', 'AST-WLU52912150029', '29-12-2015', 'NULL', '1', 'WLU5 Baru LTE Telkomsel (1 LTE MC7710, 1 Probe CSFB ME909, 1 probes MC8704)', 'PT Arga Solusi Technologies', '2', 'NULL', ''),
	(803, 2005, '548002', 'AST-WLU52912150030', '29-12-2015', 'NULL', '4', 'WLU5 Spare Arga. Slot probe 3 failure. Sebelumnya WLU ini ada WLU Tsel, namun ditukar dengan spare Arga, karena failure ini', 'PT Arga Solusi Technologies', '2', '-', ''),
	(804, 2005, '446022', 'AST-WLU52912150031', '29-12-2015', 'NULL', '1', 'WLU5 (swap) LTE Telkomsel (1 LTE MC7710, 1 Probe CSFB ME909, 1 probes MC8704)', 'PT Arga Solusi Technologies', '2', '-', ''),
	(805, 9001, 'WXE108063975', 'AST-HDD0402160078', '04-02-2016', 'NULL', '1', 'HDD CLU replacement (CLU Banjarmasin XL) dari SIGOS', 'PT Arga Solusi Technologies', '2', 'NULL', ''),
	(806, 9001, 'S12SJD0Q501093', 'AST-HDD010402160079', '04-02-2016', '07-03-2016', '6', 'replace HDD WLU Makassar HCPT', 'HCPT', '2', 'NULL', '2113161115492'),
	(807, 9001, 'S12TJDSZ206936', 'AST-HDD010402160080', '04-02-2016', 'NULL', '1', 'HDD Spare', 'PT Arga Solusi Technologies', '2', 'NULL', '-'),
	(808, 9001, 'S12SJD0Q501089', 'AST-HDD010402160081', '04-02-2016', '09-08-2016', '3', 'Menggantikan HDD WLU Pekanbaru Tsel', 'TSO Telkomsel Pekanbaru', '2', 'NULL', '2115050816562'),
	(809, 9001, 'S12SJD0Q606829', 'AST-HDD010402160082', '04-02-2016', 'NULL', '1', 'HDD Spare', 'PT Arga Solusi Technologies', '2', 'NULL', '-'),
	(810, 2020, '353679013764159', 'AST--1103160006', '11-03-2016', 'NULL', '1', 'Probe Spare', 'PT Arga Solusi Technologies', '2', '-', '-'),
	(811, 2019, '357597041010368', 'AST-PRB1503160021', '15-03-2016', 'NULL', '4', '-', 'PT Arga Solusi Technologies', '2', '-', '-'),
	(812, 2019, '357597041009105', 'AST-PRB1503160022', '15-03-2016', 'NULL', '4', '-', 'PT Arga Solusi Technologies', '2', '-', '-'),
	(813, 2019, '357597041010012', 'AST-PRB1503160023', '15-03-2016', 'NULL', '4', '-', 'PT Arga Solusi Technologies', '2', '-', '-'),
	(814, 2019, '357597041010459', 'AST-PRB1503160024', '15-03-2016', 'NULL', '4', '-', 'PT Arga Solusi Technologies', '2', '-', '-'),
	(815, 2019, '357597041022124', 'AST-PRB1503160025', '15-03-2016', 'NULL', '4', '-', 'PT Arga Solusi Technologies', '2', '-', '-'),
	(816, 9001, 'S1QAJD0QA10998', 'AST- 	AST-HDD011703160083', '17-03-2016', 'NULL', '1', 'Spare HDD but not stabil', 'PT Arga Solusi Technologies', '2', 'NULL', 'NULL'),
	(817, 2016, '353626025562948', 'AST-PRB011703160035', '17-03-2016', 'NULL', '1', 'Probe Spare (replacement CLU Balikpapan XL from SIGOS)', 'PT Arga Solusi Technologies', '2', '-', '-'),
	(818, 2019, '357597041010657', 'AST-PRB1703160026', '17-03-2016', 'NULL', '4', '-', 'PT Arga Solusi Technologies', '2', '-', '-'),
	(819, 2019, '357597041010566', 'AST-PRB1703160027', '17-03-2016', 'NULL', '4', '-', 'PT Arga Solusi Technologies', '2', '-', '-'),
	(820, 2019, '357597041010145', 'AST-PRB1703160028', '17-03-2016', 'NULL', '4', '-', 'PT Arga Solusi Technologies', '2', '-', '-'),
	(821, 2019, '357597040816047', 'AST-PRB1703160029', '17-03-2016', 'NULL', '4', '-', 'PT Arga Solusi Technologies', '2', '-', '-'),
	(822, 2019, '357597041008917', 'AST-PRB1703160030', '17-03-2016', 'NULL', '4', '-', 'PT Arga Solusi Technologies', '2', '-', '-'),
	(823, 9002, 'CR03A20050804', 'AST-PS012203160009', '22-03-2016', '28-03-2016', '6', 'PSU Spare', 'CLU Grha XL', '1', '-', '2101040316527'),
	(824, 9002, 'CS04A20830555', 'AST-PS012203160010', '22-03-2016', 'NULL', '1', 'PSU Spare', 'PT Arga Solusi Technologies', '1', '-', '-'),
	(825, 9002, 'S8131400353', 'AST-PS012203160011', '22-03-2016', 'NULL', '2', 'PSU Spare', 'PT Arga Solusi Technologies', '1', '-', '-'),
	(826, 9002, 'S7211400442', 'AST-PS012203160012', '22-03-2016', 'NULL', '2', 'PSU Spare', 'PT Arga Solusi Technologies', '1', '-', '-'),
	(827, 2016, '353626026806856', 'AST-PRB012203160036', '22-03-2016', 'NULL', '1', 'Probe Spare', 'PT Arga Solusi Technologies', '2', '-', '-'),
	(828, 2016, '353626025105649', 'AST-PRB012203160037', '22-03-2016', '17-01-2011', '1', 'Probe Spare', 'PT. XL Axiata Tbk', '2', '017/DO-AST/I/2011', '-'),
	(829, 2016, '353626020570243', 'AST-PRB012203160038', '22-03-2016', 'NULL', '1', 'Probe Spare', 'PT Arga Solusi Technologies', '2', '-', '-'),
	(830, 2016, '353626020022708', 'AST-PRB012203160039', '22-03-2016', 'NULL', '1', 'Probe Spare', 'PT Arga Solusi Technologies', '2', '-', '-'),
	(831, 2016, '353626020570805', 'AST-PRB012203160040', '22-03-2016', 'NULL', '1', 'Probe Spare', 'PT Arga Solusi Technologies', '2', '-', '-'),
	(832, 2016, '353626020760034', 'AST-PRB012203160041', '22-03-2016', 'NULL', '1', 'Probe Spare', 'PT Arga Solusi Technologies', '2', '-', '-'),
	(833, 2016, '353626020762212', 'AST-PRB012203160042', '22-03-2016', 'NULL', '2', 'Probe Spare', 'PT Arga Solusi Technologies', '2', '-', '-'),
	(834, 2016, ' 353626020518093', 'AST-PRB012203160043', '22-03-2016', 'NULL', '1', 'Probe Spare', 'PT Arga Solusi Technologies', '2', '-', '-'),
	(835, 2016, '353626020759275', 'AST-PRB012203160044', '22-03-2016', 'NULL', '1', 'Probe Spare', 'PT Arga Solusi Technologies', '2', '-', '-'),
	(836, 2016, '353626020761974', 'AST-PRB012203160045', '22-03-2016', 'NULL', '1', 'Probe Spare', 'PT Arga Solusi Technologies', '2', '-', '-'),
	(837, 2020, '352679013736975', 'AST-PRB012203160007', '22-03-2016', 'NULL', '2', 'Probe Spare', 'PT Arga Solusi Technologies', '2', '-', '-'),
	(838, 2020, '352679012853243', 'AST-PRB012203160008', '22-03-2016', 'NULL', '1', 'Probe Spare', 'PT Arga Solusi Technologies', '2', '-', '-'),
	(839, 2020, '352679013423228', 'AST-PRB012203160009', '22-03-2016', 'NULL', '1', 'Probe Spare', 'PT Arga Solusi Technologies', '2', '-', '-'),
	(840, 2020, '352679012736521', 'AST-PRB012203160010', '22-03-2016', 'NULL', '1', 'Probe Spare', 'PT Arga Solusi Technologies', '2', '-', '-'),
	(841, 2020, '352679010060262', 'AST-PRB012203160011', '22-03-2016', 'NULL', '1', 'Probe Spare', 'PT Arga Solusi Technologies', '2', '-', '-'),
	(842, 2020, '352679013422923', 'AST-PRB012203160012', '22-03-2016', 'NULL', '1', 'Probe Spare', 'PT Arga Solusi Technologies', '2', '-', '-'),
	(843, 2020, '352679013482539', 'AST-PRB012203160013', '22-03-2016', 'NULL', '1', 'Probe Spare', 'PT Arga Solusi Technologies', '2', '-', '-'),
	(844, 2020, '352679013481960', 'AST-PRB012203160014', '22-03-2016', 'NULL', '1', 'Probe Spare', 'PT Arga Solusi Technologies', '2', '-', '-'),
	(845, 2020, '352679013482059', 'AST-PRB012203160015', '22-03-2016', 'NULL', '1', 'Probe Spare', 'PT Arga Solusi Technologies', '2', '-', '-'),
	(846, 2020, '352679012736562', 'AST-PRB012203160016', '22-03-2016', 'NULL', '1', 'Probe Spare', 'PT Arga Solusi Technologies', '2', '-', '-'),
	(847, 2020, '352679012736612', 'AST-PRB012203160017', '22-03-2016', 'NULL', '1', 'Probe Spare', 'PT Arga Solusi Technologies', '2', '-', '-'),
	(848, 2020, '352679010286487', 'AST-PRB012203160018', '22-03-2016', 'NULL', '1', 'Probe Spare', 'PT Arga Solusi Technologies', '2', '-', '-'),
	(849, 2020, '352679013482257', 'AST-PRB012203160019', '22-03-2016', 'NULL', '1', 'Probe Spare', 'PT Arga Solusi Technologies', '2', '-', '-'),
	(850, 2004, '411725', 'AST-CLU022203160066', '22-03-2016', 'NULL', '1', 'CLU Spare', 'PT Arga Solusi Technologies', '1', '-', '-'),
	(851, 2004, '412033', 'AST-CLU022203160067', '22-03-2016', 'NULL', '1', 'CLU Spare', 'PT Arga Solusi Technologies', '1', '-', '-'),
	(852, 2004, '411392', 'AST-CLU022203160068', '22-03-2016', 'NULL', '1', 'CLU Spare', 'PT Arga Solusi Technologies', '1', '-', '-'),
	(853, 2004, '411411', 'AST-CLU022203160069', '22-03-2016', 'NULL', '1', 'CLU Spare', 'PT Arga Solusi Technologies', '1', '-', '-'),
	(854, 2004, '413264', 'AST-CLU022203160070', '22-03-2016', 'NULL', '1', 'CLU Spare', 'PT Arga Solusi Technologies', '1', '-', '-'),
	(855, 9001, 'S12TJD0SB69918', 'AST-HDD010704160084', '07-04-2016', 'NULL', '1', 'HDD Spare (ex. WLU Semarang Telkomsel)', 'PT Arga Solusi Technologies', '2', 'NULL', 'NULL'),
	(856, 9001, '201603070005', 'AST-HDD011804160085', '18-04-2016', 'NULL', '1', 'HDD Spare', 'PT Arga Solusi Technologies', '2', 'NULL', 'NULL'),
	(857, 9001, 'B128C21E070003', 'AST-HDD011306160086', '13-06-2016', 'NULL', '4', 'Spare from SIGOS', 'PT Arga Solusi Technologies', '1', 'NULL', 'NULL'),
	(858, 2005, '718018', 'AST-WLU030703180032', '07-03-2018', 'NULL', '1', 'WLU28 - 4 MC8704 + 8 antenna', 'PT Arga Solusi Technologies', '2', '000/DO-AST/II/2018', 'NULL'),
	(859, 2005, '718005', 'AST-WLU030703180033', '07-03-2018', 'NULL', '1', 'WLU29 - 3 MC8704 + 6 antenna', 'PT Arga Solusi Technologies', '2', '000/DO-AST/II/2018', 'NULL'),
	(860, 2005, '718001', 'AST-WLU030703180034', '07-03-2018', 'NULL', '1', 'WLU30 - 2 MC8704 + 1 ME909 + 1 MC7304 + 8 antenna', 'PT Arga Solusi Technologies', '2', '000/DO-AST/II/2018', 'NULL');
/*!40000 ALTER TABLE `equipment_detail` ENABLE KEYS */;

-- Dumping structure for table db_equipment.user
CREATE TABLE IF NOT EXISTS `user` (
  `id` int(3) NOT NULL,
  `first` varchar(50) NOT NULL,
  `last` varchar(50) NOT NULL,
  `email` varchar(50) NOT NULL,
  `username` varchar(50) NOT NULL,
  `password` varchar(100) NOT NULL,
  `active` int(1) NOT NULL,
  PRIMARY KEY (`id`)
) ENGINE=InnoDB DEFAULT CHARSET=latin1;

-- Dumping data for table db_equipment.user: ~4 rows (approximately)
/*!40000 ALTER TABLE `user` DISABLE KEYS */;
REPLACE INTO `user` (`id`, `first`, `last`, `email`, `username`, `password`, `active`) VALUES
	(1, 'Fathan', 'Qoriba', 'fathan.qoriba95@gmail.com', 'fathan', '3608a6d1a05aba23ea390e5f3b48203dbb7241f7', 1),
	(2, 'Delvy', 'Okta', 'delvy@argasolusi.com', 'delvy', '6067e200c3b03ec22cf88384e1f36549784c7e09', 1),
	(3, 'Eko', 'Prasetia', '-', 'eko', '40bd001563085fc35165329ea1ff5c5ecbdbbeef', 1),
	(4, 'Rahmat', 'Dwi Suryanto', '-', 'rahmat', '40bd001563085fc35165329ea1ff5c5ecbdbbeef', 1);
/*!40000 ALTER TABLE `user` ENABLE KEYS */;

-- Dumping structure for view db_equipment.view_equipment
-- Creating temporary table to overcome VIEW dependency errors
CREATE TABLE `view_equipment` (
	`brand_name` VARCHAR(50) NOT NULL COLLATE 'latin1_swedish_ci',
	`id` INT(6) NOT NULL,
	`brand_id` INT(3) NOT NULL,
	`equip_name` VARCHAR(255) NOT NULL COLLATE 'latin1_swedish_ci',
	`picture` VARCHAR(50) NOT NULL COLLATE 'latin1_swedish_ci'
) ENGINE=MyISAM;

-- Dumping structure for view db_equipment.view_equipment_detail
-- Creating temporary table to overcome VIEW dependency errors
CREATE TABLE `view_equipment_detail` (
	`brand_name` VARCHAR(50) NOT NULL COLLATE 'latin1_swedish_ci',
	`equip_name` VARCHAR(255) NOT NULL COLLATE 'latin1_swedish_ci',
	`id` INT(6) NOT NULL,
	`equipment_id` INT(6) NOT NULL,
	`sn_asal` VARCHAR(20) NOT NULL COLLATE 'latin1_swedish_ci',
	`code` VARCHAR(50) NOT NULL COLLATE 'latin1_swedish_ci',
	`date_in` VARCHAR(20) NOT NULL COLLATE 'latin1_swedish_ci',
	`date_out` VARCHAR(20) NOT NULL COLLATE 'latin1_swedish_ci',
	`status` VARCHAR(50) NOT NULL COLLATE 'latin1_swedish_ci',
	`remarks` TEXT NOT NULL COLLATE 'latin1_swedish_ci',
	`location` VARCHAR(255) NOT NULL COLLATE 'latin1_swedish_ci',
	`power` VARCHAR(20) NOT NULL COLLATE 'latin1_swedish_ci',
	`do_number` VARCHAR(50) NOT NULL COLLATE 'latin1_swedish_ci'
) ENGINE=MyISAM;

-- Dumping structure for view db_equipment.view_equipment
-- Removing temporary table and create final VIEW structure
DROP TABLE IF EXISTS `view_equipment`;
CREATE ALGORITHM=UNDEFINED DEFINER=`root`@`localhost` SQL SECURITY DEFINER VIEW `view_equipment` AS select `m1`.`brand_name` AS `brand_name`,`m2`.`id` AS `id`,`m2`.`brand_id` AS `brand_id`,`m2`.`equip_name` AS `equip_name`,`m2`.`picture` AS `picture` from (`brand` `m1` join `equipment` `m2` on(`m1`.`id` = `m2`.`brand_id`));

-- Dumping structure for view db_equipment.view_equipment_detail
-- Removing temporary table and create final VIEW structure
DROP TABLE IF EXISTS `view_equipment_detail`;
CREATE ALGORITHM=UNDEFINED DEFINER=`root`@`localhost` SQL SECURITY DEFINER VIEW `view_equipment_detail` AS select `m1`.`brand_name` AS `brand_name`,`m2`.`equip_name` AS `equip_name`,`m3`.`id` AS `id`,`m3`.`equipment_id` AS `equipment_id`,`m3`.`sn_asal` AS `sn_asal`,`m3`.`code` AS `code`,`m3`.`date_in` AS `date_in`,`m3`.`date_out` AS `date_out`,`m3`.`status` AS `status`,`m3`.`remarks` AS `remarks`,`m3`.`location` AS `location`,`m3`.`power` AS `power`,`m3`.`do_number` AS `do_number` from ((`brand` `m1` join `equipment` `m2` on(`m1`.`id` = `m2`.`brand_id`)) join `equipment_detail` `m3` on(`m2`.`id` = `m3`.`equipment_id`));

/*!40101 SET SQL_MODE=IFNULL(@OLD_SQL_MODE, '') */;
/*!40014 SET FOREIGN_KEY_CHECKS=IF(@OLD_FOREIGN_KEY_CHECKS IS NULL, 1, @OLD_FOREIGN_KEY_CHECKS) */;
/*!40101 SET CHARACTER_SET_CLIENT=@OLD_CHARACTER_SET_CLIENT */;
